阈值1,阈值2,阈值3,通过率1,通过率2,通过率3,坏账率1,坏账率2,坏账率3,总平均通过率,总平均坏账率,最终收入
1,1,1,0.76,0.72,0.8,0.013,0.032,0.012,0.7600000000000001,0.019,45204.80000000001
1,1,2,0.76,0.72,0.82,0.013,0.032,0.013,0.7666666666666666,0.01933333333333333,45325.333333333336
1,1,3,0.76,0.72,0.83,0.013,0.032,0.024,0.77,0.023000000000000003,42473.2
1,1,4,0.76,0.72,0.86,0.013,0.032,0.04,0.7799999999999999,0.028333333333333332,38531.99999999999
1,1,5,0.76,0.72,0.89,0.013,0.032,0.042,0.79,0.028999999999999998,38457.200000000004
1,1,6,0.76,0.72,0.92,0.013,0.032,0.057,0.7999999999999999,0.034,34623.99999999999
1,1,7,0.76,0.72,0.93,0.013,0.032,0.068,0.8033333333333333,0.03766666666666667,31587.06666666667
1,1,8,0.76,0.72,0.94,0.013,0.032,0.069,0.8066666666666666,0.038,31427.733333333334
1,1,9,0.76,0.72,0.97,0.013,0.032,0.07,0.8166666666666668,0.03833333333333334,31523.333333333332
1,1,10,0.76,0.72,0.98,0.013,0.032,0.073,0.82,0.03933333333333333,30766.399999999998
1,2,1,0.76,0.73,0.8,0.013,0.038,0.012,0.7633333333333333,0.021,43754.266666666656
1,2,2,0.76,0.73,0.82,0.013,0.038,0.013,0.77,0.021333333333333333,43859.2
1,2,3,0.76,0.73,0.83,0.013,0.038,0.024,0.7733333333333333,0.024999999999999998,40986.66666666667
1,2,4,0.76,0.73,0.86,0.013,0.038,0.04,0.7833333333333333,0.030333333333333334,37004.666666666664
1,2,5,0.76,0.73,0.89,0.013,0.038,0.042,0.7933333333333333,0.031,36905.86666666667
1,2,6,0.76,0.73,0.92,0.013,0.038,0.057,0.8033333333333333,0.036,33033.06666666667
1,2,7,0.76,0.73,0.93,0.013,0.038,0.068,0.8066666666666666,0.03966666666666666,29975.733333333337
1,2,8,0.76,0.73,0.94,0.013,0.038,0.069,0.8099999999999999,0.04,29808.0
1,2,9,0.76,0.73,0.97,0.013,0.038,0.07,0.82,0.04033333333333333,29880.8
1,2,10,0.76,0.73,0.98,0.013,0.038,0.073,0.8233333333333333,0.04133333333333333,29113.066666666662
1,3,1,0.76,0.76,0.8,0.013,0.05,0.012,0.7733333333333334,0.024999999999999998,40986.66666666667
1,3,2,0.76,0.76,0.82,0.013,0.05,0.013,0.7799999999999999,0.025333333333333333,41059.19999999999
1,3,3,0.76,0.76,0.83,0.013,0.05,0.024,0.7833333333333333,0.028999999999999998,38132.66666666667
1,3,4,0.76,0.76,0.86,0.013,0.05,0.04,0.7933333333333333,0.034333333333333334,34049.86666666667
1,3,5,0.76,0.76,0.89,0.013,0.05,0.042,0.8033333333333333,0.035,33900.666666666664
1,3,6,0.76,0.76,0.92,0.013,0.05,0.057,0.8133333333333334,0.04,29930.666666666668
1,3,7,0.76,0.76,0.93,0.013,0.05,0.068,0.8166666666666668,0.043666666666666666,26819.333333333336
1,3,8,0.76,0.76,0.94,0.013,0.05,0.069,0.82,0.044000000000000004,26633.599999999995
1,3,9,0.76,0.76,0.97,0.013,0.05,0.07,0.8300000000000001,0.044333333333333336,26659.6
1,3,10,0.76,0.76,0.98,0.013,0.05,0.073,0.8333333333333334,0.04533333333333334,25866.666666666668
1,4,1,0.76,0.77,0.8,0.013,0.053,0.012,0.7766666666666667,0.026,40324.53333333334
1,4,2,0.76,0.77,0.82,0.013,0.053,0.013,0.7833333333333333,0.026333333333333334,40388.666666666664
1,4,3,0.76,0.77,0.83,0.013,0.053,0.024,0.7866666666666666,0.03,37445.333333333336
1,4,4,0.76,0.77,0.86,0.013,0.053,0.04,0.7966666666666667,0.035333333333333335,33332.53333333333
1,4,5,0.76,0.77,0.89,0.013,0.053,0.042,0.8066666666666666,0.036000000000000004,33170.13333333333
1,4,6,0.76,0.77,0.92,0.013,0.053,0.057,0.8166666666666668,0.041,29171.333333333332
1,4,7,0.76,0.77,0.93,0.013,0.053,0.068,0.82,0.04466666666666667,26043.199999999997
1,4,8,0.76,0.77,0.94,0.013,0.053,0.069,0.8233333333333333,0.045000000000000005,25852.666666666657
1,4,9,0.76,0.77,0.97,0.013,0.053,0.07,0.8333333333333334,0.04533333333333334,25866.666666666668
1,4,10,0.76,0.77,0.98,0.013,0.053,0.073,0.8366666666666666,0.04633333333333334,25066.533333333322
1,5,1,0.76,0.79,0.8,0.013,0.065,0.012,0.7833333333333333,0.03,37286.66666666667
1,5,2,0.76,0.79,0.82,0.013,0.065,0.013,0.79,0.030333333333333334,37319.6
1,5,3,0.76,0.79,0.83,0.013,0.065,0.024,0.7933333333333333,0.034,34335.46666666667
1,5,4,0.76,0.79,0.86,0.013,0.065,0.04,0.8033333333333333,0.03933333333333333,30141.066666666666
1,5,5,0.76,0.79,0.89,0.013,0.065,0.042,0.8133333333333334,0.04,29930.666666666668
1,5,6,0.76,0.79,0.92,0.013,0.065,0.057,0.8233333333333334,0.045000000000000005,25852.66666666666
1,5,7,0.76,0.79,0.93,0.013,0.065,0.068,0.8266666666666667,0.04866666666666667,22683.733333333326
1,5,8,0.76,0.79,0.94,0.013,0.065,0.069,0.8300000000000001,0.04900000000000001,22476.39999999999
1,5,9,0.76,0.79,0.97,0.013,0.065,0.07,0.84,0.04933333333333334,22444.799999999996
1,5,10,0.76,0.79,0.98,0.013,0.065,0.073,0.8433333333333334,0.050333333333333334,21623.066666666666
1,6,1,0.76,0.82,0.8,0.013,0.074,0.012,0.7933333333333333,0.032999999999999995,35192.26666666667
1,6,2,0.76,0.82,0.82,0.013,0.074,0.013,0.7999999999999999,0.03333333333333333,35199.99999999999
1,6,3,0.76,0.82,0.83,0.013,0.074,0.024,0.8033333333333333,0.037,32165.466666666667
1,6,4,0.76,0.82,0.86,0.013,0.074,0.04,0.8133333333333334,0.042333333333333334,27881.066666666666
1,6,5,0.76,0.82,0.89,0.013,0.074,0.042,0.8233333333333334,0.043000000000000003,27631.066666666662
1,6,6,0.76,0.82,0.92,0.013,0.074,0.057,0.8333333333333334,0.047999999999999994,23466.66666666667
1,6,7,0.76,0.82,0.93,0.013,0.074,0.068,0.8366666666666668,0.051666666666666666,20247.333333333336
1,6,8,0.76,0.82,0.94,0.013,0.074,0.069,0.84,0.052,20025.6
1,6,9,0.76,0.82,0.97,0.013,0.074,0.07,0.85,0.052333333333333336,19957.999999999996
1,6,10,0.76,0.82,0.98,0.013,0.074,0.073,0.8533333333333334,0.05333333333333332,19114.666666666675
1,7,1,0.76,0.86,0.8,0.013,0.076,0.012,0.8066666666666666,0.033666666666666664,35202.933333333334
1,7,2,0.76,0.86,0.82,0.013,0.076,0.013,0.8133333333333334,0.033999999999999996,35201.06666666667
1,7,3,0.76,0.86,0.83,0.013,0.076,0.024,0.8166666666666668,0.03766666666666666,32111.333333333343
1,7,4,0.76,0.86,0.86,0.013,0.076,0.04,0.8266666666666667,0.043000000000000003,27742.933333333327
1,7,5,0.76,0.86,0.89,0.013,0.076,0.042,0.8366666666666668,0.043666666666666666,27476.133333333335
1,7,6,0.76,0.86,0.92,0.013,0.076,0.057,0.8466666666666667,0.048666666666666664,23232.533333333333
1,7,7,0.76,0.86,0.93,0.013,0.076,0.068,0.8500000000000001,0.052333333333333336,19957.999999999996
1,7,8,0.76,0.86,0.94,0.013,0.076,0.069,0.8533333333333334,0.05266666666666667,19729.066666666662
1,7,9,0.76,0.86,0.97,0.013,0.076,0.07,0.8633333333333333,0.053,19649.466666666667
1,7,10,0.76,0.86,0.98,0.013,0.076,0.073,0.8666666666666667,0.05399999999999999,18789.33333333334
1,8,1,0.76,0.87,0.8,0.013,0.079,0.012,0.8099999999999999,0.034666666666666665,34473.6
1,8,2,0.76,0.87,0.82,0.013,0.079,0.013,0.8166666666666665,0.034999999999999996,34463.33333333333
1,8,3,0.76,0.87,0.83,0.013,0.079,0.024,0.82,0.03866666666666666,31356.800000000003
1,8,4,0.76,0.87,0.86,0.013,0.079,0.04,0.83,0.044000000000000004,26958.399999999994
1,8,5,0.76,0.87,0.89,0.013,0.079,0.042,0.84,0.04466666666666667,26678.399999999998
1,8,6,0.76,0.87,0.92,0.013,0.079,0.057,0.85,0.049666666666666665,22406.0
1,8,7,0.76,0.87,0.93,0.013,0.079,0.068,0.8533333333333334,0.05333333333333334,19114.666666666664
1,8,8,0.76,0.87,0.94,0.013,0.079,0.069,0.8566666666666666,0.05366666666666667,18880.93333333333
1,8,9,0.76,0.87,0.97,0.013,0.079,0.07,0.8666666666666666,0.054,18789.333333333332
1,8,10,0.76,0.87,0.98,0.013,0.079,0.073,0.87,0.05499999999999999,17922.000000000007
1,9,1,0.76,0.91,0.8,0.013,0.08,0.012,0.8233333333333333,0.034999999999999996,34744.666666666664
1,9,2,0.76,0.91,0.82,0.013,0.08,0.013,0.83,0.035333333333333335,34727.2
1,9,3,0.76,0.91,0.83,0.013,0.08,0.024,0.8333333333333334,0.039,31566.666666666664
1,9,4,0.76,0.91,0.86,0.013,0.08,0.04,0.8433333333333333,0.044333333333333336,27087.86666666666
1,9,5,0.76,0.91,0.89,0.013,0.08,0.042,0.8533333333333334,0.045000000000000005,26794.66666666666
1,9,6,0.76,0.91,0.92,0.013,0.08,0.057,0.8633333333333333,0.049999999999999996,22446.666666666668
1,9,7,0.76,0.91,0.93,0.013,0.08,0.068,0.8666666666666667,0.05366666666666667,19101.333333333332
1,9,8,0.76,0.91,0.94,0.013,0.08,0.069,0.87,0.054,18861.6
1,9,9,0.76,0.91,0.97,0.013,0.08,0.07,0.8799999999999999,0.05433333333333334,18761.59999999999
1,9,10,0.76,0.91,0.98,0.013,0.08,0.073,0.8833333333333333,0.055333333333333325,17878.66666666667
1,10,1,0.76,0.92,0.8,0.013,0.084,0.012,0.8266666666666668,0.036333333333333336,33694.933333333334
1,10,2,0.76,0.92,0.82,0.013,0.084,0.013,0.8333333333333334,0.03666666666666667,33666.666666666664
1,10,3,0.76,0.92,0.83,0.013,0.084,0.024,0.8366666666666668,0.04033333333333333,30488.133333333335
1,10,4,0.76,0.92,0.86,0.013,0.084,0.04,0.8466666666666667,0.04566666666666667,25975.73333333333
1,10,5,0.76,0.92,0.89,0.013,0.084,0.042,0.8566666666666668,0.04633333333333334,25665.73333333333
1,10,6,0.76,0.92,0.92,0.013,0.084,0.057,0.8666666666666667,0.051333333333333335,21285.333333333332
1,10,7,0.76,0.92,0.93,0.013,0.084,0.068,0.8700000000000001,0.055,17922.000000000004
1,10,8,0.76,0.92,0.94,0.013,0.084,0.069,0.8733333333333334,0.05533333333333334,17676.266666666663
1,10,9,0.76,0.92,0.97,0.013,0.084,0.07,0.8833333333333334,0.05566666666666667,17560.666666666664
1,10,10,0.76,0.92,0.98,0.013,0.084,0.073,0.8866666666666667,0.056666666666666664,16669.333333333332
2,1,1,0.77,0.72,0.8,0.015,0.032,0.012,0.7633333333333333,0.019666666666666666,44853.46666666666
2,1,2,0.77,0.72,0.82,0.015,0.032,0.013,0.77,0.02,44968.0
2,1,3,0.77,0.72,0.83,0.015,0.032,0.024,0.7733333333333333,0.02366666666666667,42100.26666666667
2,1,4,0.77,0.72,0.86,0.015,0.032,0.04,0.7833333333333333,0.028999999999999998,38132.66666666667
2,1,5,0.77,0.72,0.89,0.015,0.032,0.042,0.7933333333333333,0.029666666666666664,38048.26666666667
2,1,6,0.77,0.72,0.92,0.015,0.032,0.057,0.8033333333333333,0.03466666666666667,34189.86666666666
2,1,7,0.77,0.72,0.93,0.015,0.032,0.068,0.8066666666666666,0.03833333333333334,31137.33333333333
2,1,8,0.77,0.72,0.94,0.015,0.032,0.069,0.8099999999999999,0.03866666666666667,30974.399999999998
2,1,9,0.77,0.72,0.97,0.015,0.032,0.07,0.82,0.039,31061.6
2,1,10,0.77,0.72,0.98,0.015,0.032,0.073,0.8233333333333333,0.04,30298.666666666664
2,2,1,0.77,0.73,0.8,0.015,0.038,0.012,0.7666666666666666,0.021666666666666667,43393.33333333333
2,2,2,0.77,0.73,0.82,0.015,0.038,0.013,0.7733333333333333,0.022000000000000002,43492.26666666667
2,2,3,0.77,0.73,0.83,0.015,0.038,0.024,0.7766666666666667,0.025666666666666667,40604.13333333334
2,2,4,0.77,0.73,0.86,0.015,0.038,0.04,0.7866666666666666,0.031,36595.73333333333
2,2,5,0.77,0.73,0.89,0.015,0.038,0.042,0.7966666666666667,0.03166666666666667,36487.33333333333
2,2,6,0.77,0.73,0.92,0.015,0.038,0.057,0.8066666666666666,0.03666666666666667,32589.333333333332
2,2,7,0.77,0.73,0.93,0.015,0.038,0.068,0.81,0.04033333333333333,29516.4
2,2,8,0.77,0.73,0.94,0.015,0.038,0.069,0.8133333333333334,0.04066666666666666,29345.06666666667
2,2,9,0.77,0.73,0.97,0.015,0.038,0.07,0.8233333333333333,0.041,29409.46666666666
2,2,10,0.77,0.73,0.98,0.015,0.038,0.073,0.8266666666666667,0.042,28635.73333333333
2,3,1,0.77,0.76,0.8,0.015,0.05,0.012,0.7766666666666667,0.025666666666666667,40604.13333333334
2,3,2,0.77,0.76,0.82,0.015,0.05,0.013,0.7833333333333333,0.026,40670.66666666667
2,3,3,0.77,0.76,0.83,0.015,0.05,0.024,0.7866666666666666,0.029666666666666664,37728.53333333333
2,3,4,0.77,0.76,0.86,0.015,0.05,0.04,0.7966666666666667,0.035,33619.333333333336
2,3,5,0.77,0.76,0.89,0.015,0.05,0.042,0.8066666666666666,0.03566666666666667,33460.533333333326
2,3,6,0.77,0.76,0.92,0.015,0.05,0.057,0.8166666666666668,0.04066666666666666,29465.333333333336
2,3,7,0.77,0.76,0.93,0.015,0.05,0.068,0.82,0.044333333333333336,26338.399999999998
2,3,8,0.77,0.76,0.94,0.015,0.05,0.069,0.8233333333333333,0.04466666666666667,26149.066666666662
2,3,9,0.77,0.76,0.97,0.015,0.05,0.07,0.8333333333333334,0.045000000000000005,26166.66666666666
2,3,10,0.77,0.76,0.98,0.015,0.05,0.073,0.8366666666666666,0.046000000000000006,25367.733333333323
2,4,1,0.77,0.77,0.8,0.015,0.053,0.012,0.7799999999999999,0.02666666666666667,39935.99999999999
2,4,2,0.77,0.77,0.82,0.015,0.053,0.013,0.7866666666666666,0.027,39994.13333333333
2,4,3,0.77,0.77,0.83,0.015,0.053,0.024,0.79,0.030666666666666665,37035.2
2,4,4,0.77,0.77,0.86,0.015,0.053,0.04,0.7999999999999999,0.036000000000000004,32895.99999999999
2,4,5,0.77,0.77,0.89,0.015,0.053,0.042,0.81,0.036666666666666674,32723.999999999993
2,4,6,0.77,0.77,0.92,0.015,0.053,0.057,0.82,0.041666666666666664,28700.000000000004
2,4,7,0.77,0.77,0.93,0.015,0.053,0.068,0.8233333333333334,0.04533333333333334,25556.266666666666
2,4,8,0.77,0.77,0.94,0.015,0.053,0.069,0.8266666666666667,0.04566666666666667,25362.13333333333
2,4,9,0.77,0.77,0.97,0.015,0.053,0.07,0.8366666666666666,0.046000000000000006,25367.733333333323
2,4,10,0.77,0.77,0.98,0.015,0.053,0.073,0.84,0.04700000000000001,24561.59999999999
2,5,1,0.77,0.79,0.8,0.015,0.065,0.012,0.7866666666666667,0.030666666666666665,36878.933333333334
2,5,2,0.77,0.79,0.82,0.015,0.065,0.013,0.7933333333333333,0.031,36905.86666666667
2,5,3,0.77,0.79,0.83,0.015,0.065,0.024,0.7966666666666667,0.03466666666666667,33906.13333333333
2,5,4,0.77,0.79,0.86,0.015,0.065,0.04,0.8066666666666666,0.04,29685.333333333332
2,5,5,0.77,0.79,0.89,0.015,0.065,0.042,0.8166666666666668,0.04066666666666666,29465.333333333336
2,5,6,0.77,0.79,0.92,0.015,0.065,0.057,0.8266666666666667,0.04566666666666667,25362.13333333333
2,5,7,0.77,0.79,0.93,0.015,0.065,0.068,0.8300000000000001,0.04933333333333334,22177.6
2,5,8,0.77,0.79,0.94,0.015,0.065,0.069,0.8333333333333334,0.04966666666666667,21966.666666666664
2,5,9,0.77,0.79,0.97,0.015,0.065,0.07,0.8433333333333334,0.05000000000000001,21926.666666666657
2,5,10,0.77,0.79,0.98,0.015,0.065,0.073,0.8466666666666667,0.051,21098.933333333338
2,6,1,0.77,0.82,0.8,0.015,0.074,0.012,0.7966666666666665,0.033666666666666664,34766.53333333333
2,6,2,0.77,0.82,0.82,0.015,0.074,0.013,0.8033333333333332,0.033999999999999996,34768.26666666667
2,6,3,0.77,0.82,0.83,0.015,0.074,0.024,0.8066666666666666,0.03766666666666666,31718.13333333334
2,6,4,0.77,0.82,0.86,0.015,0.074,0.04,0.8166666666666665,0.043000000000000003,27407.33333333332
2,6,5,0.77,0.82,0.89,0.015,0.074,0.042,0.8266666666666667,0.043666666666666666,27147.733333333334
2,6,6,0.77,0.82,0.92,0.015,0.074,0.057,0.8366666666666666,0.048666666666666664,22958.133333333328
2,6,7,0.77,0.82,0.93,0.015,0.074,0.068,0.84,0.052333333333333336,19723.199999999993
2,6,8,0.77,0.82,0.94,0.015,0.074,0.069,0.8433333333333333,0.05266666666666667,19497.86666666666
2,6,9,0.77,0.82,0.97,0.015,0.074,0.07,0.8533333333333332,0.053,19421.866666666665
2,6,10,0.77,0.82,0.98,0.015,0.074,0.073,0.8566666666666666,0.05399999999999999,18572.533333333336
2,7,1,0.77,0.86,0.8,0.015,0.076,0.012,0.8099999999999999,0.034333333333333334,34765.2
2,7,2,0.77,0.86,0.82,0.015,0.076,0.013,0.8166666666666665,0.034666666666666665,34757.33333333333
2,7,3,0.77,0.86,0.83,0.015,0.076,0.024,0.82,0.03833333333333333,31652.000000000004
2,7,4,0.77,0.86,0.86,0.015,0.076,0.04,0.83,0.043666666666666666,27257.2
2,7,5,0.77,0.86,0.89,0.015,0.076,0.042,0.84,0.044333333333333336,26980.799999999996
2,7,6,0.77,0.86,0.92,0.015,0.076,0.057,0.85,0.04933333333333333,22712.0
2,7,7,0.77,0.86,0.93,0.015,0.076,0.068,0.8533333333333334,0.053,19421.86666666667
2,7,8,0.77,0.86,0.94,0.015,0.076,0.069,0.8566666666666666,0.05333333333333334,19189.33333333333
2,7,9,0.77,0.86,0.97,0.015,0.076,0.07,0.8666666666666666,0.05366666666666667,19101.33333333333
2,7,10,0.77,0.86,0.98,0.015,0.076,0.073,0.87,0.05466666666666666,18235.2
2,8,1,0.77,0.87,0.8,0.015,0.079,0.012,0.8133333333333335,0.035333333333333335,34029.86666666667
2,8,2,0.77,0.87,0.82,0.015,0.079,0.013,0.82,0.035666666666666666,34013.600000000006
2,8,3,0.77,0.87,0.83,0.015,0.079,0.024,0.8233333333333334,0.03933333333333333,30891.466666666667
2,8,4,0.77,0.87,0.86,0.015,0.079,0.04,0.8333333333333334,0.04466666666666667,26466.666666666664
2,8,5,0.77,0.87,0.89,0.015,0.079,0.042,0.8433333333333334,0.04533333333333334,26177.066666666666
2,8,6,0.77,0.87,0.92,0.015,0.079,0.057,0.8533333333333334,0.050333333333333334,21879.466666666664
2,8,7,0.77,0.87,0.93,0.015,0.079,0.068,0.8566666666666668,0.054,18572.533333333333
2,8,8,0.77,0.87,0.94,0.015,0.079,0.069,0.86,0.05433333333333334,18335.199999999993
2,8,9,0.77,0.87,0.97,0.015,0.079,0.07,0.8700000000000001,0.05466666666666667,18235.199999999997
2,8,10,0.77,0.87,0.98,0.015,0.079,0.073,0.8733333333333334,0.05566666666666666,17361.86666666667
2,9,1,0.77,0.91,0.8,0.015,0.08,0.012,0.8266666666666668,0.035666666666666666,34290.13333333334
2,9,2,0.77,0.91,0.82,0.015,0.08,0.013,0.8333333333333334,0.036,34266.66666666667
2,9,3,0.77,0.91,0.83,0.015,0.08,0.024,0.8366666666666668,0.03966666666666666,31090.53333333334
2,9,4,0.77,0.91,0.86,0.015,0.08,0.04,0.8466666666666667,0.045000000000000005,26585.333333333325
2,9,5,0.77,0.91,0.89,0.015,0.08,0.042,0.8566666666666668,0.04566666666666667,26282.533333333336
2,9,6,0.77,0.91,0.92,0.015,0.08,0.057,0.8666666666666667,0.050666666666666665,21909.333333333332
2,9,7,0.77,0.91,0.93,0.015,0.08,0.068,0.8700000000000001,0.05433333333333334,18548.399999999994
2,9,8,0.77,0.91,0.94,0.015,0.08,0.069,0.8733333333333334,0.05466666666666667,18305.066666666662
2,9,9,0.77,0.91,0.97,0.015,0.08,0.07,0.8833333333333334,0.055,18196.666666666668
2,9,10,0.77,0.91,0.98,0.015,0.08,0.073,0.8866666666666667,0.055999999999999994,17307.733333333337
2,10,1,0.77,0.92,0.8,0.015,0.084,0.012,0.8300000000000001,0.037,33233.200000000004
2,10,2,0.77,0.92,0.82,0.015,0.084,0.013,0.8366666666666666,0.037333333333333336,33198.93333333332
2,10,3,0.77,0.92,0.83,0.015,0.084,0.024,0.84,0.041,30004.799999999996
2,10,4,0.77,0.92,0.86,0.015,0.084,0.04,0.85,0.04633333333333334,25465.999999999996
2,10,5,0.77,0.92,0.89,0.015,0.084,0.042,0.86,0.04700000000000001,25146.39999999999
2,10,6,0.77,0.92,0.92,0.015,0.084,0.057,0.87,0.052,20740.8
2,10,7,0.77,0.92,0.93,0.015,0.084,0.068,0.8733333333333334,0.05566666666666667,17361.86666666666
2,10,8,0.77,0.92,0.94,0.015,0.084,0.069,0.8766666666666666,0.056,17112.53333333333
2,10,9,0.77,0.92,0.97,0.015,0.084,0.07,0.8866666666666667,0.05633333333333334,16988.533333333326
2,10,10,0.77,0.92,0.98,0.015,0.084,0.073,0.89,0.057333333333333326,16091.200000000004
3,1,1,0.78,0.72,0.8,0.017,0.032,0.012,0.7666666666666666,0.02033333333333333,44497.33333333333
3,1,2,0.78,0.72,0.82,0.017,0.032,0.013,0.7733333333333333,0.020666666666666667,44605.86666666667
3,1,3,0.78,0.72,0.83,0.017,0.032,0.024,0.7766666666666667,0.024333333333333335,41722.53333333333
3,1,4,0.78,0.72,0.86,0.017,0.032,0.04,0.7866666666666666,0.029666666666666664,37728.53333333333
3,1,5,0.78,0.72,0.89,0.017,0.032,0.042,0.7966666666666667,0.030333333333333334,37634.53333333333
3,1,6,0.78,0.72,0.92,0.017,0.032,0.057,0.8066666666666666,0.035333333333333335,33750.93333333333
3,1,7,0.78,0.72,0.93,0.017,0.032,0.068,0.81,0.039,30682.8
3,1,8,0.78,0.72,0.94,0.017,0.032,0.069,0.8133333333333334,0.03933333333333334,30516.26666666666
3,1,9,0.78,0.72,0.97,0.017,0.032,0.07,0.8233333333333333,0.03966666666666667,30595.066666666662
3,1,10,0.78,0.72,0.98,0.017,0.032,0.073,0.8266666666666667,0.04066666666666666,29826.13333333333
3,2,1,0.78,0.73,0.8,0.017,0.038,0.012,0.77,0.022333333333333334,43027.6
3,2,2,0.78,0.73,0.82,0.017,0.038,0.013,0.7766666666666667,0.02266666666666667,43120.53333333334
3,2,3,0.78,0.73,0.83,0.017,0.038,0.024,0.7799999999999999,0.026333333333333334,40216.79999999999
3,2,4,0.78,0.73,0.86,0.017,0.038,0.04,0.79,0.03166666666666667,36181.99999999999
3,2,5,0.78,0.73,0.89,0.017,0.038,0.042,0.7999999999999999,0.03233333333333333,36064.0
3,2,6,0.78,0.73,0.92,0.017,0.038,0.057,0.81,0.037333333333333336,32140.799999999996
3,2,7,0.78,0.73,0.93,0.017,0.038,0.068,0.8133333333333334,0.041,29052.266666666663
3,2,8,0.78,0.73,0.94,0.017,0.038,0.069,0.8166666666666668,0.04133333333333333,28877.333333333332
3,2,9,0.78,0.73,0.97,0.017,0.038,0.07,0.8266666666666667,0.041666666666666664,28933.333333333336
3,2,10,0.78,0.73,0.98,0.017,0.038,0.073,0.8300000000000001,0.042666666666666665,28153.600000000002
3,3,1,0.78,0.76,0.8,0.017,0.05,0.012,0.7799999999999999,0.026333333333333334,40216.79999999999
3,3,2,0.78,0.76,0.82,0.017,0.05,0.013,0.7866666666666666,0.02666666666666667,40277.33333333333
3,3,3,0.78,0.76,0.83,0.017,0.05,0.024,0.79,0.030333333333333334,37319.6
3,3,4,0.78,0.76,0.86,0.017,0.05,0.04,0.7999999999999999,0.03566666666666667,33183.999999999985
3,3,5,0.78,0.76,0.89,0.017,0.05,0.042,0.81,0.036333333333333336,33015.6
3,3,6,0.78,0.76,0.92,0.017,0.05,0.057,0.82,0.04133333333333333,28995.199999999997
3,3,7,0.78,0.76,0.93,0.017,0.05,0.068,0.8233333333333334,0.045000000000000005,25852.66666666666
3,3,8,0.78,0.76,0.94,0.017,0.05,0.069,0.8266666666666667,0.04533333333333334,25659.73333333333
3,3,9,0.78,0.76,0.97,0.017,0.05,0.07,0.8366666666666666,0.04566666666666667,25668.933333333327
3,3,10,0.78,0.76,0.98,0.017,0.05,0.073,0.84,0.04666666666666667,24863.999999999996
3,4,1,0.78,0.77,0.8,0.017,0.053,0.012,0.7833333333333333,0.027333333333333334,39542.666666666664
3,4,2,0.78,0.77,0.82,0.017,0.053,0.013,0.79,0.02766666666666667,39594.799999999996
3,4,3,0.78,0.77,0.83,0.017,0.053,0.024,0.7933333333333333,0.03133333333333333,36620.26666666667
3,4,4,0.78,0.77,0.86,0.017,0.053,0.04,0.8033333333333333,0.036666666666666674,32454.66666666666
3,4,5,0.78,0.77,0.89,0.017,0.053,0.042,0.8133333333333334,0.037333333333333336,32273.066666666662
3,4,6,0.78,0.77,0.92,0.017,0.053,0.057,0.8233333333333334,0.042333333333333334,28223.866666666665
3,4,7,0.78,0.77,0.93,0.017,0.053,0.068,0.8266666666666667,0.046000000000000006,25064.533333333326
3,4,8,0.78,0.77,0.94,0.017,0.053,0.069,0.8300000000000001,0.04633333333333334,24866.8
3,4,9,0.78,0.77,0.97,0.017,0.053,0.07,0.84,0.04666666666666667,24863.999999999996
3,4,10,0.78,0.77,0.98,0.017,0.053,0.073,0.8433333333333334,0.04766666666666667,24051.866666666665
3,5,1,0.78,0.79,0.8,0.017,0.065,0.012,0.79,0.03133333333333333,36466.4
3,5,2,0.78,0.79,0.82,0.017,0.065,0.013,0.7966666666666667,0.03166666666666667,36487.33333333333
3,5,3,0.78,0.79,0.83,0.017,0.065,0.024,0.7999999999999999,0.035333333333333335,33471.99999999999
3,5,4,0.78,0.79,0.86,0.017,0.065,0.04,0.81,0.04066666666666666,29224.8
3,5,5,0.78,0.79,0.89,0.017,0.065,0.042,0.82,0.04133333333333333,28995.199999999997
3,5,6,0.78,0.79,0.92,0.017,0.065,0.057,0.8300000000000001,0.04633333333333334,24866.8
3,5,7,0.78,0.79,0.93,0.017,0.065,0.068,0.8333333333333334,0.05000000000000001,21666.666666666657
3,5,8,0.78,0.79,0.94,0.017,0.065,0.069,0.8366666666666666,0.05033333333333334,21452.13333333332
3,5,9,0.78,0.79,0.97,0.017,0.065,0.07,0.8466666666666667,0.05066666666666667,21403.733333333323
3,5,10,0.78,0.79,0.98,0.017,0.065,0.073,0.85,0.051666666666666666,20570.0
3,6,1,0.78,0.82,0.8,0.017,0.074,0.012,0.8000000000000002,0.034333333333333334,34336.00000000001
3,6,2,0.78,0.82,0.82,0.017,0.074,0.013,0.8066666666666666,0.034666666666666665,34331.73333333333
3,6,3,0.78,0.82,0.83,0.017,0.074,0.024,0.81,0.03833333333333333,31266.000000000004
3,6,4,0.78,0.82,0.86,0.017,0.074,0.04,0.82,0.043666666666666666,26928.8
3,6,5,0.78,0.82,0.89,0.017,0.074,0.042,0.8300000000000001,0.044333333333333336,26659.6
3,6,6,0.78,0.82,0.92,0.017,0.074,0.057,0.84,0.04933333333333333,22444.8
3,6,7,0.78,0.82,0.93,0.017,0.074,0.068,0.8433333333333334,0.053,19194.26666666667
3,6,8,0.78,0.82,0.94,0.017,0.074,0.069,0.8466666666666667,0.05333333333333334,18965.33333333333
3,6,9,0.78,0.82,0.97,0.017,0.074,0.07,0.8566666666666668,0.05366666666666667,18880.933333333334
3,6,10,0.78,0.82,0.98,0.017,0.074,0.073,0.86,0.05466666666666666,18025.6
3,7,1,0.78,0.86,0.8,0.017,0.076,0.012,0.8133333333333335,0.034999999999999996,34322.66666666667
3,7,2,0.78,0.86,0.82,0.017,0.076,0.013,0.82,0.035333333333333335,34308.799999999996
3,7,3,0.78,0.86,0.83,0.017,0.076,0.024,0.8233333333333334,0.039,31187.866666666665
3,7,4,0.78,0.86,0.86,0.017,0.076,0.04,0.8333333333333334,0.044333333333333336,26766.666666666664
3,7,5,0.78,0.86,0.89,0.017,0.076,0.042,0.8433333333333334,0.045000000000000005,26480.66666666666
3,7,6,0.78,0.86,0.92,0.017,0.076,0.057,0.8533333333333334,0.049999999999999996,22186.666666666668
3,7,7,0.78,0.86,0.93,0.017,0.076,0.068,0.8566666666666668,0.05366666666666667,18880.933333333334
3,7,8,0.78,0.86,0.94,0.017,0.076,0.069,0.86,0.054,18644.8
3,7,9,0.78,0.86,0.97,0.017,0.076,0.07,0.8700000000000001,0.05433333333333334,18548.399999999994
3,7,10,0.78,0.86,0.98,0.017,0.076,0.073,0.8733333333333334,0.055333333333333325,17676.266666666674
3,8,1,0.78,0.87,0.8,0.017,0.079,0.012,0.8166666666666668,0.036,33581.33333333334
3,8,2,0.78,0.87,0.82,0.017,0.079,0.013,0.8233333333333333,0.036333333333333336,33559.06666666666
3,8,3,0.78,0.87,0.83,0.017,0.079,0.024,0.8266666666666667,0.04,30421.333333333332
3,8,4,0.78,0.87,0.86,0.017,0.079,0.04,0.8366666666666666,0.04533333333333334,25970.133333333328
3,8,5,0.78,0.87,0.89,0.017,0.079,0.042,0.8466666666666667,0.046000000000000006,25670.933333333327
3,8,6,0.78,0.87,0.92,0.017,0.079,0.057,0.8566666666666666,0.051,21348.133333333335
3,8,7,0.78,0.87,0.93,0.017,0.079,0.068,0.86,0.05466666666666667,18025.599999999995
3,8,8,0.78,0.87,0.94,0.017,0.079,0.069,0.8633333333333333,0.055,17784.666666666664
3,8,9,0.78,0.87,0.97,0.017,0.079,0.07,0.8733333333333334,0.05533333333333334,17676.266666666663
3,8,10,0.78,0.87,0.98,0.017,0.079,0.073,0.8766666666666666,0.056333333333333326,16796.933333333334
3,9,1,0.78,0.91,0.8,0.017,0.08,0.012,0.8300000000000001,0.036333333333333336,33830.8
3,9,2,0.78,0.91,0.82,0.017,0.08,0.013,0.8366666666666666,0.03666666666666667,33801.33333333333
3,9,3,0.78,0.91,0.83,0.017,0.08,0.024,0.84,0.04033333333333333,30609.6
3,9,4,0.78,0.91,0.86,0.017,0.08,0.04,0.85,0.04566666666666667,26078.0
3,9,5,0.78,0.91,0.89,0.017,0.08,0.042,0.86,0.04633333333333334,25765.599999999995
3,9,6,0.78,0.91,0.92,0.017,0.08,0.057,0.87,0.051333333333333335,21367.199999999997
3,9,7,0.78,0.91,0.93,0.017,0.08,0.068,0.8733333333333334,0.055,17990.666666666668
3,9,8,0.78,0.91,0.94,0.017,0.08,0.069,0.8766666666666666,0.05533333333333334,17743.733333333326
3,9,9,0.78,0.91,0.97,0.017,0.08,0.07,0.8866666666666667,0.05566666666666667,17626.93333333333
3,9,10,0.78,0.91,0.98,0.017,0.08,0.073,0.89,0.056666666666666664,16731.999999999996
3,10,1,0.78,0.92,0.8,0.017,0.084,0.012,0.8333333333333334,0.03766666666666667,32766.666666666668
3,10,2,0.78,0.92,0.82,0.017,0.084,0.013,0.84,0.038,32726.4
3,10,3,0.78,0.92,0.83,0.017,0.084,0.024,0.8433333333333334,0.041666666666666664,29516.66666666667
3,10,4,0.78,0.92,0.86,0.017,0.084,0.04,0.8533333333333334,0.04700000000000001,24951.466666666656
3,10,5,0.78,0.92,0.89,0.017,0.084,0.042,0.8633333333333334,0.04766666666666667,24622.266666666666
3,10,6,0.78,0.92,0.92,0.017,0.084,0.057,0.8733333333333334,0.05266666666666667,20191.466666666664
3,10,7,0.78,0.92,0.93,0.017,0.084,0.068,0.8766666666666668,0.05633333333333334,16796.933333333327
3,10,8,0.78,0.92,0.94,0.017,0.084,0.069,0.88,0.05666666666666667,16543.999999999993
3,10,9,0.78,0.92,0.97,0.017,0.084,0.07,0.89,0.057,16411.6
3,10,10,0.78,0.92,0.98,0.017,0.084,0.073,0.8933333333333334,0.057999999999999996,15508.266666666668
4,1,1,0.8,0.72,0.8,0.024,0.032,0.012,0.7733333333333334,0.02266666666666667,42935.46666666667
4,1,2,0.8,0.72,0.82,0.024,0.032,0.013,0.7799999999999999,0.023000000000000003,43024.799999999996
4,1,3,0.8,0.72,0.83,0.024,0.032,0.024,0.7833333333333333,0.02666666666666667,40106.666666666664
4,1,4,0.8,0.72,0.86,0.024,0.032,0.04,0.7933333333333333,0.032,36049.06666666667
4,1,5,0.8,0.72,0.89,0.024,0.032,0.042,0.8033333333333333,0.03266666666666667,35925.066666666666
4,1,6,0.8,0.72,0.92,0.024,0.032,0.057,0.8133333333333334,0.03766666666666667,31980.26666666667
4,1,7,0.8,0.72,0.93,0.024,0.032,0.068,0.8166666666666668,0.04133333333333333,28877.333333333332
4,1,8,0.8,0.72,0.94,0.024,0.032,0.069,0.82,0.041666666666666664,28700.000000000004
4,1,9,0.8,0.72,0.97,0.024,0.032,0.07,0.8300000000000001,0.042,28751.2
4,1,10,0.8,0.72,0.98,0.024,0.032,0.073,0.8333333333333334,0.043000000000000003,27966.66666666666
4,2,1,0.8,0.73,0.8,0.024,0.038,0.012,0.7766666666666667,0.024666666666666667,41442.93333333334
4,2,2,0.8,0.73,0.82,0.024,0.038,0.013,0.7833333333333333,0.024999999999999998,41516.66666666667
4,2,3,0.8,0.73,0.83,0.024,0.038,0.024,0.7866666666666666,0.028666666666666663,38578.13333333333
4,2,4,0.8,0.73,0.86,0.024,0.038,0.04,0.7966666666666667,0.034,34479.73333333334
4,2,5,0.8,0.73,0.89,0.024,0.038,0.042,0.8066666666666666,0.03466666666666667,34331.73333333333
4,2,6,0.8,0.73,0.92,0.024,0.038,0.057,0.8166666666666668,0.03966666666666666,30347.33333333334
4,2,7,0.8,0.73,0.93,0.024,0.038,0.068,0.82,0.043333333333333335,27224.0
4,2,8,0.8,0.73,0.94,0.024,0.038,0.069,0.8233333333333333,0.043666666666666666,27038.266666666666
4,2,9,0.8,0.73,0.97,0.024,0.038,0.07,0.8333333333333334,0.044000000000000004,27066.666666666664
4,2,10,0.8,0.73,0.98,0.024,0.038,0.073,0.8366666666666666,0.045000000000000005,26271.33333333332
4,3,1,0.8,0.76,0.8,0.024,0.05,0.012,0.7866666666666667,0.02866666666666667,38578.13333333334
4,3,2,0.8,0.76,0.82,0.024,0.05,0.013,0.7933333333333333,0.029,38619.46666666667
4,3,3,0.8,0.76,0.83,0.024,0.05,0.024,0.7966666666666667,0.03266666666666667,35626.933333333334
4,3,4,0.8,0.76,0.86,0.024,0.05,0.04,0.8066666666666666,0.038000000000000006,31427.733333333326
4,3,5,0.8,0.76,0.89,0.024,0.05,0.042,0.8166666666666668,0.038666666666666676,31229.33333333333
4,3,6,0.8,0.76,0.92,0.024,0.05,0.057,0.8266666666666667,0.043666666666666666,27147.733333333334
4,3,7,0.8,0.76,0.93,0.024,0.05,0.068,0.8300000000000001,0.04733333333333334,23970.4
4,3,8,0.8,0.76,0.94,0.024,0.05,0.069,0.8333333333333334,0.04766666666666667,23766.666666666664
4,3,9,0.8,0.76,0.97,0.024,0.05,0.07,0.8433333333333334,0.04800000000000001,23748.26666666666
4,3,10,0.8,0.76,0.98,0.024,0.05,0.073,0.8466666666666667,0.04900000000000001,22927.73333333332
4,4,1,0.8,0.77,0.8,0.024,0.053,0.012,0.79,0.029666666666666664,37888.4
4,4,2,0.8,0.77,0.82,0.024,0.053,0.013,0.7966666666666667,0.03,37921.33333333334
4,4,3,0.8,0.77,0.83,0.024,0.053,0.024,0.7999999999999999,0.03366666666666667,34911.999999999985
4,4,4,0.8,0.77,0.86,0.024,0.053,0.04,0.81,0.039,30682.8
4,4,5,0.8,0.77,0.89,0.024,0.053,0.042,0.82,0.03966666666666666,30471.200000000004
4,4,6,0.8,0.77,0.92,0.024,0.053,0.057,0.8300000000000001,0.04466666666666667,26360.8
4,4,7,0.8,0.77,0.93,0.024,0.053,0.068,0.8333333333333334,0.04833333333333334,23166.66666666666
4,4,8,0.8,0.77,0.94,0.024,0.053,0.069,0.8366666666666666,0.04866666666666667,22958.133333333324
4,4,9,0.8,0.77,0.97,0.024,0.053,0.07,0.8466666666666667,0.04900000000000001,22927.73333333332
4,4,10,0.8,0.77,0.98,0.024,0.053,0.073,0.85,0.049999999999999996,22100.000000000004
4,5,1,0.8,0.79,0.8,0.024,0.065,0.012,0.7966666666666667,0.033666666666666664,34766.53333333334
4,5,2,0.8,0.79,0.82,0.024,0.065,0.013,0.8033333333333333,0.033999999999999996,34768.26666666667
4,5,3,0.8,0.79,0.83,0.024,0.065,0.024,0.8066666666666666,0.03766666666666666,31718.13333333334
4,5,4,0.8,0.79,0.86,0.024,0.065,0.04,0.8166666666666668,0.043000000000000003,27407.33333333333
4,5,5,0.8,0.79,0.89,0.024,0.065,0.042,0.8266666666666667,0.043666666666666666,27147.733333333334
4,5,6,0.8,0.79,0.92,0.024,0.065,0.057,0.8366666666666668,0.048666666666666664,22958.133333333335
4,5,7,0.8,0.79,0.93,0.024,0.065,0.068,0.84,0.052333333333333336,19723.199999999993
4,5,8,0.8,0.79,0.94,0.024,0.065,0.069,0.8433333333333334,0.05266666666666667,19497.86666666666
4,5,9,0.8,0.79,0.97,0.024,0.065,0.07,0.8533333333333334,0.053,19421.86666666667
4,5,10,0.8,0.79,0.98,0.024,0.065,0.073,0.8566666666666668,0.05399999999999999,18572.53333333334
4,6,1,0.8,0.82,0.8,0.024,0.074,0.012,0.8066666666666666,0.03666666666666667,32589.333333333332
4,6,2,0.8,0.82,0.82,0.024,0.074,0.013,0.8133333333333334,0.037,32565.86666666667
4,6,3,0.8,0.82,0.83,0.024,0.074,0.024,0.8166666666666668,0.04066666666666666,29465.333333333336
4,6,4,0.8,0.82,0.86,0.024,0.074,0.04,0.8266666666666667,0.046000000000000006,25064.533333333326
4,6,5,0.8,0.82,0.89,0.024,0.074,0.042,0.8366666666666668,0.04666666666666667,24765.333333333332
4,6,6,0.8,0.82,0.92,0.024,0.074,0.057,0.8466666666666667,0.051666666666666666,20489.333333333332
4,6,7,0.8,0.82,0.93,0.024,0.074,0.068,0.8500000000000001,0.05533333333333334,17203.999999999996
4,6,8,0.8,0.82,0.94,0.024,0.074,0.069,0.8533333333333334,0.05566666666666667,16964.266666666663
4,6,9,0.8,0.82,0.97,0.024,0.074,0.07,0.8633333333333333,0.056,16852.266666666663
4,6,10,0.8,0.82,0.98,0.024,0.074,0.073,0.8666666666666667,0.056999999999999995,15981.33333333334
4,7,1,0.8,0.86,0.8,0.024,0.076,0.012,0.82,0.037333333333333336,32537.599999999995
4,7,2,0.8,0.86,0.82,0.024,0.076,0.013,0.8266666666666667,0.03766666666666667,32504.533333333333
4,7,3,0.8,0.86,0.83,0.024,0.076,0.024,0.8300000000000001,0.04133333333333333,29348.8
4,7,4,0.8,0.86,0.86,0.024,0.076,0.04,0.84,0.04666666666666667,24863.999999999996
4,7,5,0.8,0.86,0.89,0.024,0.076,0.042,0.8500000000000001,0.04733333333333334,24548.0
4,7,6,0.8,0.86,0.92,0.024,0.076,0.057,0.86,0.052333333333333336,20192.799999999996
4,7,7,0.8,0.86,0.93,0.024,0.076,0.068,0.8633333333333334,0.056,16852.266666666663
4,7,8,0.8,0.86,0.94,0.024,0.076,0.069,0.8666666666666667,0.05633333333333334,16605.333333333325
4,7,9,0.8,0.86,0.97,0.024,0.076,0.07,0.8766666666666666,0.05666666666666667,16481.333333333325
4,7,10,0.8,0.86,0.98,0.024,0.076,0.073,0.88,0.057666666666666665,15593.6
4,8,1,0.8,0.87,0.8,0.024,0.079,0.012,0.8233333333333333,0.03833333333333334,31780.66666666666
4,8,2,0.8,0.87,0.82,0.024,0.079,0.013,0.83,0.03866666666666667,31739.199999999997
4,8,3,0.8,0.87,0.83,0.024,0.079,0.024,0.8333333333333334,0.042333333333333334,28566.666666666668
4,8,4,0.8,0.87,0.86,0.024,0.079,0.04,0.8433333333333333,0.04766666666666667,24051.86666666666
4,8,5,0.8,0.87,0.89,0.024,0.079,0.042,0.8533333333333334,0.04833333333333334,23722.66666666666
4,8,6,0.8,0.87,0.92,0.024,0.079,0.057,0.8633333333333333,0.05333333333333334,19338.66666666666
4,8,7,0.8,0.87,0.93,0.024,0.079,0.068,0.8666666666666667,0.057,15981.333333333334
4,8,8,0.8,0.87,0.94,0.024,0.079,0.069,0.87,0.05733333333333334,15729.599999999993
4,8,9,0.8,0.87,0.97,0.024,0.079,0.07,0.8799999999999999,0.05766666666666667,15593.599999999991
4,8,10,0.8,0.87,0.98,0.024,0.079,0.073,0.8833333333333333,0.058666666666666666,14698.666666666668
4,9,1,0.8,0.91,0.8,0.024,0.08,0.012,0.8366666666666666,0.03866666666666667,31994.133333333324
4,9,2,0.8,0.91,0.82,0.024,0.08,0.013,0.8433333333333333,0.039,31945.46666666666
4,9,3,0.8,0.91,0.83,0.024,0.08,0.024,0.8466666666666667,0.042666666666666665,28718.93333333333
4,9,4,0.8,0.91,0.86,0.024,0.08,0.04,0.8566666666666666,0.04800000000000001,24123.733333333323
4,9,5,0.8,0.91,0.89,0.024,0.08,0.042,0.8666666666666667,0.04866666666666667,23781.33333333333
4,9,6,0.8,0.91,0.92,0.024,0.08,0.057,0.8766666666666666,0.05366666666666667,19321.73333333333
4,9,7,0.8,0.91,0.93,0.024,0.08,0.068,0.88,0.05733333333333334,15910.399999999992
4,9,8,0.8,0.91,0.94,0.024,0.08,0.069,0.8833333333333333,0.05766666666666667,15652.666666666659
4,9,9,0.8,0.91,0.97,0.024,0.08,0.07,0.8933333333333332,0.058,15508.266666666666
4,9,10,0.8,0.91,0.98,0.024,0.08,0.073,0.8966666666666666,0.059,14597.733333333335
4,10,1,0.8,0.92,0.8,0.024,0.084,0.012,0.8400000000000002,0.04,30912.000000000007
4,10,2,0.8,0.92,0.82,0.024,0.084,0.013,0.8466666666666667,0.04033333333333334,30852.533333333326
4,10,3,0.8,0.92,0.83,0.024,0.084,0.024,0.8500000000000001,0.044000000000000004,27608.0
4,10,4,0.8,0.92,0.86,0.024,0.084,0.04,0.86,0.04933333333333334,22979.199999999993
4,10,5,0.8,0.92,0.89,0.024,0.084,0.042,0.8700000000000001,0.05000000000000001,22619.999999999993
4,10,6,0.8,0.92,0.92,0.024,0.084,0.057,0.88,0.055,18128.0
4,10,7,0.8,0.92,0.93,0.024,0.084,0.068,0.8833333333333334,0.05866666666666667,14698.666666666657
4,10,8,0.8,0.92,0.94,0.024,0.084,0.069,0.8866666666666667,0.059000000000000004,14434.933333333325
4,10,9,0.8,0.92,0.97,0.024,0.084,0.07,0.8966666666666668,0.05933333333333334,14274.933333333327
4,10,10,0.8,0.92,0.98,0.024,0.084,0.073,0.9,0.06033333333333333,13356.000000000005
5,1,1,0.82,0.72,0.8,0.026,0.032,0.012,0.7799999999999999,0.02333333333333333,42743.99999999999
5,1,2,0.82,0.72,0.82,0.026,0.032,0.013,0.7866666666666666,0.023666666666666666,42826.13333333333
5,1,3,0.82,0.72,0.83,0.026,0.032,0.024,0.79,0.02733333333333333,39879.2
5,1,4,0.82,0.72,0.86,0.026,0.032,0.04,0.7999999999999999,0.03266666666666667,35775.99999999999
5,1,5,0.82,0.72,0.89,0.026,0.032,0.042,0.81,0.03333333333333333,35640.0
5,1,6,0.82,0.72,0.92,0.026,0.032,0.057,0.82,0.03833333333333333,31652.000000000004
5,1,7,0.82,0.72,0.93,0.026,0.032,0.068,0.8233333333333334,0.042,28520.266666666666
5,1,8,0.82,0.72,0.94,0.026,0.032,0.069,0.8266666666666667,0.042333333333333334,28338.13333333333
5,1,9,0.82,0.72,0.97,0.026,0.032,0.07,0.8366666666666666,0.042666666666666665,28379.733333333326
5,1,10,0.82,0.72,0.98,0.026,0.032,0.073,0.84,0.043666666666666666,27585.600000000002
5,2,1,0.82,0.73,0.8,0.026,0.038,0.012,0.7833333333333332,0.025333333333333333,41234.666666666664
5,2,2,0.82,0.73,0.82,0.026,0.038,0.013,0.7899999999999999,0.025666666666666667,41301.2
5,2,3,0.82,0.73,0.83,0.026,0.038,0.024,0.7933333333333333,0.029333333333333333,38333.86666666667
5,2,4,0.82,0.73,0.86,0.026,0.038,0.04,0.8033333333333332,0.03466666666666667,34189.86666666666
5,2,5,0.82,0.73,0.89,0.026,0.038,0.042,0.8133333333333334,0.035333333333333335,34029.86666666666
5,2,6,0.82,0.73,0.92,0.026,0.038,0.057,0.8233333333333333,0.04033333333333333,30002.266666666663
5,2,7,0.82,0.73,0.93,0.026,0.038,0.068,0.8266666666666667,0.044000000000000004,26850.133333333328
5,2,8,0.82,0.73,0.94,0.026,0.038,0.069,0.83,0.044333333333333336,26659.599999999995
5,2,9,0.82,0.73,0.97,0.026,0.038,0.07,0.8399999999999999,0.04466666666666667,26678.399999999994
5,2,10,0.82,0.73,0.98,0.026,0.038,0.073,0.8433333333333333,0.04566666666666667,25873.466666666664
5,3,1,0.82,0.76,0.8,0.026,0.05,0.012,0.7933333333333333,0.029333333333333333,38333.86666666667
5,3,2,0.82,0.76,0.82,0.026,0.05,0.013,0.7999999999999999,0.029666666666666664,38368.0
5,3,3,0.82,0.76,0.83,0.026,0.05,0.024,0.8033333333333333,0.03333333333333333,35346.666666666664
5,3,4,0.82,0.76,0.86,0.026,0.05,0.04,0.8133333333333334,0.03866666666666666,31101.866666666672
5,3,5,0.82,0.76,0.89,0.026,0.05,0.042,0.8233333333333334,0.03933333333333333,30891.466666666667
5,3,6,0.82,0.76,0.92,0.026,0.05,0.057,0.8333333333333334,0.044333333333333336,26766.666666666664
5,3,7,0.82,0.76,0.93,0.026,0.05,0.068,0.8366666666666668,0.04800000000000001,23560.53333333333
5,3,8,0.82,0.76,0.94,0.026,0.05,0.069,0.84,0.04833333333333334,23351.999999999993
5,3,9,0.82,0.76,0.97,0.026,0.05,0.07,0.85,0.04866666666666667,23323.999999999993
5,3,10,0.82,0.76,0.98,0.026,0.05,0.073,0.8533333333333334,0.049666666666666665,22493.86666666667
5,4,1,0.82,0.77,0.8,0.026,0.053,0.012,0.7966666666666665,0.030333333333333334,37634.533333333326
5,4,2,0.82,0.77,0.82,0.026,0.053,0.013,0.8033333333333332,0.030666666666666665,37660.26666666666
5,4,3,0.82,0.77,0.83,0.026,0.053,0.024,0.8066666666666666,0.034333333333333334,34622.13333333333
5,4,4,0.82,0.77,0.86,0.026,0.053,0.04,0.8166666666666665,0.03966666666666666,30347.333333333332
5,4,5,0.82,0.77,0.89,0.026,0.053,0.042,0.8266666666666667,0.04033333333333333,30123.733333333334
5,4,6,0.82,0.77,0.92,0.026,0.053,0.057,0.8366666666666666,0.04533333333333334,25970.133333333328
5,4,7,0.82,0.77,0.93,0.026,0.053,0.068,0.84,0.04900000000000001,22747.19999999999
5,4,8,0.82,0.77,0.94,0.026,0.053,0.069,0.8433333333333333,0.04933333333333334,22533.866666666658
5,4,9,0.82,0.77,0.97,0.026,0.053,0.07,0.8533333333333332,0.04966666666666667,22493.866666666658
5,4,10,0.82,0.77,0.98,0.026,0.053,0.073,0.8566666666666666,0.050666666666666665,21656.53333333333
5,5,1,0.82,0.79,0.8,0.026,0.065,0.012,0.8033333333333333,0.034333333333333334,34479.066666666666
5,5,2,0.82,0.79,0.82,0.026,0.065,0.013,0.8099999999999999,0.034666666666666665,34473.6
5,5,3,0.82,0.79,0.83,0.026,0.065,0.024,0.8133333333333334,0.03833333333333333,31394.66666666667
5,5,4,0.82,0.79,0.86,0.026,0.065,0.04,0.8233333333333333,0.043666666666666666,27038.266666666666
5,5,5,0.82,0.79,0.89,0.026,0.065,0.042,0.8333333333333334,0.044333333333333336,26766.666666666664
5,5,6,0.82,0.79,0.92,0.026,0.065,0.057,0.8433333333333333,0.04933333333333333,22533.866666666665
5,5,7,0.82,0.79,0.93,0.026,0.065,0.068,0.8466666666666667,0.053,19270.133333333335
5,5,8,0.82,0.79,0.94,0.026,0.065,0.069,0.85,0.05333333333333334,19039.999999999996
5,5,9,0.82,0.79,0.97,0.026,0.065,0.07,0.86,0.05366666666666667,18954.399999999998
5,5,10,0.82,0.79,0.98,0.026,0.065,0.073,0.8633333333333333,0.05466666666666666,18095.466666666664
5,6,1,0.82,0.82,0.8,0.026,0.074,0.012,0.8133333333333334,0.03733333333333333,32273.06666666667
5,6,2,0.82,0.82,0.82,0.026,0.074,0.013,0.82,0.03766666666666666,32242.400000000005
5,6,3,0.82,0.82,0.83,0.026,0.074,0.024,0.8233333333333333,0.04133333333333333,29113.066666666662
5,6,4,0.82,0.82,0.86,0.026,0.074,0.04,0.8333333333333334,0.04666666666666666,24666.666666666668
5,6,5,0.82,0.82,0.89,0.026,0.074,0.042,0.8433333333333333,0.04733333333333333,24355.466666666667
5,6,6,0.82,0.82,0.92,0.026,0.074,0.057,0.8533333333333334,0.052333333333333336,20036.266666666663
5,6,7,0.82,0.82,0.93,0.026,0.074,0.068,0.8566666666666666,0.055999999999999994,16722.133333333335
5,6,8,0.82,0.82,0.94,0.026,0.074,0.069,0.86,0.056333333333333326,16477.600000000002
5,6,9,0.82,0.82,0.97,0.026,0.074,0.07,0.87,0.056666666666666664,16355.999999999998
5,6,10,0.82,0.82,0.98,0.026,0.074,0.073,0.8733333333333334,0.057666666666666665,15475.466666666667
5,7,1,0.82,0.86,0.8,0.026,0.076,0.012,0.8266666666666667,0.038,32206.933333333334
5,7,2,0.82,0.86,0.82,0.026,0.076,0.013,0.8333333333333334,0.03833333333333333,32166.66666666667
5,7,3,0.82,0.86,0.83,0.026,0.076,0.024,0.8366666666666666,0.042,28982.133333333324
5,7,4,0.82,0.86,0.86,0.026,0.076,0.04,0.8466666666666667,0.04733333333333333,24451.733333333334
5,7,5,0.82,0.86,0.89,0.026,0.076,0.042,0.8566666666666666,0.047999999999999994,24123.733333333337
5,7,6,0.82,0.86,0.92,0.026,0.076,0.057,0.8666666666666667,0.053,19725.333333333336
5,7,7,0.82,0.86,0.93,0.026,0.076,0.068,0.87,0.056666666666666664,16355.999999999998
5,7,8,0.82,0.86,0.94,0.026,0.076,0.069,0.8733333333333334,0.056999999999999995,16104.266666666672
5,7,9,0.82,0.86,0.97,0.026,0.076,0.07,0.8833333333333333,0.057333333333333326,15970.66666666667
5,7,10,0.82,0.86,0.98,0.026,0.076,0.073,0.8866666666666667,0.05833333333333333,15073.333333333336
5,8,1,0.82,0.87,0.8,0.026,0.079,0.012,0.8300000000000001,0.039,31440.4
5,8,2,0.82,0.87,0.82,0.026,0.079,0.013,0.8366666666666666,0.03933333333333333,31391.733333333326
5,8,3,0.82,0.87,0.83,0.026,0.079,0.024,0.84,0.043000000000000003,28190.399999999994
5,8,4,0.82,0.87,0.86,0.026,0.079,0.04,0.85,0.04833333333333333,23630.0
5,8,5,0.82,0.87,0.89,0.026,0.079,0.042,0.86,0.048999999999999995,23288.800000000007
5,8,6,0.82,0.87,0.92,0.026,0.079,0.057,0.87,0.054,18861.6
5,8,7,0.82,0.87,0.93,0.026,0.079,0.068,0.8733333333333334,0.057666666666666665,15475.466666666667
5,8,8,0.82,0.87,0.94,0.026,0.079,0.069,0.8766666666666666,0.057999999999999996,15218.933333333332
5,8,9,0.82,0.87,0.97,0.026,0.079,0.07,0.8866666666666667,0.05833333333333333,15073.333333333336
5,8,10,0.82,0.87,0.98,0.026,0.079,0.073,0.89,0.05933333333333333,14168.800000000003
5,9,1,0.82,0.91,0.8,0.026,0.08,0.012,0.8433333333333334,0.03933333333333333,31641.866666666665
5,9,2,0.82,0.91,0.82,0.026,0.08,0.013,0.85,0.03966666666666666,31586.000000000004
5,9,3,0.82,0.91,0.83,0.026,0.08,0.024,0.8533333333333334,0.043333333333333335,28330.666666666668
5,9,4,0.82,0.91,0.86,0.026,0.08,0.04,0.8633333333333333,0.048666666666666664,23689.866666666665
5,9,5,0.82,0.91,0.89,0.026,0.08,0.042,0.8733333333333334,0.04933333333333333,23335.466666666667
5,9,6,0.82,0.91,0.92,0.026,0.08,0.057,0.8833333333333333,0.05433333333333334,18832.666666666657
5,9,7,0.82,0.91,0.93,0.026,0.08,0.068,0.8866666666666667,0.057999999999999996,15392.533333333335
5,9,8,0.82,0.91,0.94,0.026,0.08,0.069,0.89,0.05833333333333333,15130.000000000002
5,9,9,0.82,0.91,0.97,0.026,0.08,0.07,0.9,0.058666666666666666,14976.000000000002
5,9,10,0.82,0.91,0.98,0.026,0.08,0.073,0.9033333333333333,0.059666666666666666,14055.86666666667
5,10,1,0.82,0.92,0.8,0.026,0.084,0.012,0.8466666666666667,0.04066666666666666,30547.733333333334
5,10,2,0.82,0.92,0.82,0.026,0.084,0.013,0.8533333333333334,0.041,30481.066666666662
5,10,3,0.82,0.92,0.83,0.026,0.084,0.024,0.8566666666666666,0.04466666666666667,27207.73333333333
5,10,4,0.82,0.92,0.86,0.026,0.084,0.04,0.8666666666666667,0.049999999999999996,22533.333333333336
5,10,5,0.82,0.92,0.89,0.026,0.084,0.042,0.8766666666666666,0.050666666666666665,22162.13333333333
5,10,6,0.82,0.92,0.92,0.026,0.084,0.057,0.8866666666666667,0.05566666666666667,17626.93333333333
5,10,7,0.82,0.92,0.93,0.026,0.084,0.068,0.89,0.05933333333333333,14168.800000000003
5,10,8,0.82,0.92,0.94,0.026,0.084,0.069,0.8933333333333332,0.059666666666666666,13900.26666666667
5,10,9,0.82,0.92,0.97,0.026,0.084,0.07,0.9033333333333333,0.06,13730.666666666672
5,10,10,0.82,0.92,0.98,0.026,0.084,0.073,0.9066666666666666,0.061,12802.133333333328
6,1,1,0.84,0.72,0.8,0.028,0.032,0.012,0.7866666666666667,0.023999999999999997,42542.93333333334
6,1,2,0.84,0.72,0.82,0.028,0.032,0.013,0.7933333333333333,0.024333333333333332,42617.86666666667
6,1,3,0.84,0.72,0.83,0.028,0.032,0.024,0.7966666666666667,0.027999999999999997,39642.13333333334
6,1,4,0.84,0.72,0.86,0.028,0.032,0.04,0.8066666666666666,0.03333333333333333,35493.33333333333
6,1,5,0.84,0.72,0.89,0.028,0.032,0.042,0.8166666666666668,0.034,35345.333333333336
6,1,6,0.84,0.72,0.92,0.028,0.032,0.057,0.8266666666666667,0.039,31314.133333333328
6,1,7,0.84,0.72,0.93,0.028,0.032,0.068,0.8300000000000001,0.042666666666666665,28153.600000000002
6,1,8,0.84,0.72,0.94,0.028,0.032,0.069,0.8333333333333334,0.043000000000000003,27966.66666666666
6,1,9,0.84,0.72,0.97,0.028,0.032,0.07,0.8433333333333334,0.043333333333333335,27998.666666666668
6,1,10,0.84,0.72,0.98,0.028,0.032,0.073,0.8466666666666667,0.044333333333333336,27194.933333333327
6,2,1,0.84,0.73,0.8,0.028,0.038,0.012,0.79,0.026,41016.8
6,2,2,0.84,0.73,0.82,0.028,0.038,0.013,0.7966666666666665,0.026333333333333334,41076.133333333324
6,2,3,0.84,0.73,0.83,0.028,0.038,0.024,0.7999999999999999,0.03,38080.0
6,2,4,0.84,0.73,0.86,0.028,0.038,0.04,0.8099999999999999,0.035333333333333335,33890.399999999994
6,2,5,0.84,0.73,0.89,0.028,0.038,0.042,0.82,0.036000000000000004,33718.399999999994
6,2,6,0.84,0.73,0.92,0.028,0.038,0.057,0.83,0.041,29647.599999999995
6,2,7,0.84,0.73,0.93,0.028,0.038,0.068,0.8333333333333334,0.04466666666666667,26466.666666666664
6,2,8,0.84,0.73,0.94,0.028,0.038,0.069,0.8366666666666666,0.045000000000000005,26271.33333333332
6,2,9,0.84,0.73,0.97,0.028,0.038,0.07,0.8466666666666667,0.04533333333333334,26280.53333333333
6,2,10,0.84,0.73,0.98,0.028,0.038,0.073,0.85,0.04633333333333334,25465.999999999996
6,3,1,0.84,0.76,0.8,0.028,0.05,0.012,0.8000000000000002,0.03,38080.00000000001
6,3,2,0.84,0.76,0.82,0.028,0.05,0.013,0.8066666666666666,0.030333333333333334,38106.93333333333
6,3,3,0.84,0.76,0.83,0.028,0.05,0.024,0.81,0.034,35056.799999999996
6,3,4,0.84,0.76,0.86,0.028,0.05,0.04,0.82,0.03933333333333333,30766.399999999998
6,3,5,0.84,0.76,0.89,0.028,0.05,0.042,0.8300000000000001,0.04,30544.000000000004
6,3,6,0.84,0.76,0.92,0.028,0.05,0.057,0.84,0.045000000000000005,26375.999999999993
6,3,7,0.84,0.76,0.93,0.028,0.05,0.068,0.8433333333333334,0.04866666666666667,23141.066666666662
6,3,8,0.84,0.76,0.94,0.028,0.05,0.069,0.8466666666666667,0.04900000000000001,22927.73333333332
6,3,9,0.84,0.76,0.97,0.028,0.05,0.07,0.8566666666666668,0.04933333333333334,22890.13333333333
6,3,10,0.84,0.76,0.98,0.028,0.05,0.073,0.86,0.050333333333333334,22050.399999999998
6,4,1,0.84,0.77,0.8,0.028,0.053,0.012,0.8033333333333333,0.031,37371.066666666666
6,4,2,0.84,0.77,0.82,0.028,0.053,0.013,0.8099999999999999,0.03133333333333333,37389.6
6,4,3,0.84,0.77,0.83,0.028,0.053,0.024,0.8133333333333334,0.035,34322.666666666664
6,4,4,0.84,0.77,0.86,0.028,0.053,0.04,0.8233333333333333,0.04033333333333333,30002.266666666663
6,4,5,0.84,0.77,0.89,0.028,0.053,0.042,0.8333333333333334,0.041,29766.666666666664
6,4,6,0.84,0.77,0.92,0.028,0.053,0.057,0.8433333333333333,0.046000000000000006,25569.866666666658
6,4,7,0.84,0.77,0.93,0.028,0.053,0.068,0.8466666666666667,0.04966666666666667,22318.133333333328
6,4,8,0.84,0.77,0.94,0.028,0.053,0.069,0.85,0.05000000000000001,22099.99999999999
6,4,9,0.84,0.77,0.97,0.028,0.053,0.07,0.86,0.05033333333333334,22050.39999999999
6,4,10,0.84,0.77,0.98,0.028,0.053,0.073,0.8633333333333333,0.051333333333333335,21203.466666666664
6,5,1,0.84,0.79,0.8,0.028,0.065,0.012,0.8099999999999999,0.034999999999999996,34182.0
6,5,2,0.84,0.79,0.82,0.028,0.065,0.013,0.8166666666666665,0.035333333333333335,34169.33333333332
6,5,3,0.84,0.79,0.83,0.028,0.065,0.024,0.82,0.039,31061.6
6,5,4,0.84,0.79,0.86,0.028,0.065,0.04,0.83,0.044333333333333336,26659.599999999995
6,5,5,0.84,0.79,0.89,0.028,0.065,0.042,0.84,0.045000000000000005,26375.999999999993
6,5,6,0.84,0.79,0.92,0.028,0.065,0.057,0.85,0.049999999999999996,22100.000000000004
6,5,7,0.84,0.79,0.93,0.028,0.065,0.068,0.8533333333333334,0.05366666666666667,18807.466666666664
6,5,8,0.84,0.79,0.94,0.028,0.065,0.069,0.8566666666666666,0.054,18572.53333333333
6,5,9,0.84,0.79,0.97,0.028,0.065,0.07,0.8666666666666666,0.05433333333333334,18477.333333333325
6,5,10,0.84,0.79,0.98,0.028,0.065,0.073,0.87,0.055333333333333325,17608.800000000007
6,6,1,0.84,0.82,0.8,0.028,0.074,0.012,0.82,0.038,31947.2
6,6,2,0.84,0.82,0.82,0.028,0.074,0.013,0.8266666666666667,0.03833333333333333,31909.333333333332
6,6,3,0.84,0.82,0.83,0.028,0.074,0.024,0.83,0.042,28751.199999999997
6,6,4,0.84,0.82,0.86,0.028,0.074,0.04,0.84,0.04733333333333333,24259.2
6,6,5,0.84,0.82,0.89,0.028,0.074,0.042,0.85,0.047999999999999994,23936.000000000004
6,6,6,0.84,0.82,0.92,0.028,0.074,0.057,0.86,0.053,19573.600000000002
6,6,7,0.84,0.82,0.93,0.028,0.074,0.068,0.8633333333333333,0.056666666666666664,16230.666666666662
6,6,8,0.84,0.82,0.94,0.028,0.074,0.069,0.8666666666666666,0.056999999999999995,15981.333333333338
6,6,9,0.84,0.82,0.97,0.028,0.074,0.07,0.8766666666666666,0.057333333333333326,15850.133333333337
6,6,10,0.84,0.82,0.98,0.028,0.074,0.073,0.8799999999999999,0.05833333333333333,14960.0
6,7,1,0.84,0.86,0.8,0.028,0.076,0.012,0.8333333333333334,0.03866666666666666,31866.66666666667
6,7,2,0.84,0.86,0.82,0.028,0.076,0.013,0.84,0.039,31819.199999999997
6,7,3,0.84,0.86,0.83,0.028,0.076,0.024,0.8433333333333333,0.042666666666666665,28605.86666666666
6,7,4,0.84,0.86,0.86,0.028,0.076,0.04,0.8533333333333334,0.047999999999999994,24029.866666666672
6,7,5,0.84,0.86,0.89,0.028,0.076,0.042,0.8633333333333333,0.048666666666666664,23689.866666666665
6,7,6,0.84,0.86,0.92,0.028,0.076,0.057,0.8733333333333334,0.05366666666666667,19248.266666666666
6,7,7,0.84,0.86,0.93,0.028,0.076,0.068,0.8766666666666666,0.057333333333333326,15850.133333333337
6,7,8,0.84,0.86,0.94,0.028,0.076,0.069,0.8799999999999999,0.057666666666666665,15593.599999999997
6,7,9,0.84,0.86,0.97,0.028,0.076,0.07,0.89,0.057999999999999996,15450.4
6,7,10,0.84,0.86,0.98,0.028,0.076,0.073,0.8933333333333332,0.059,14543.466666666667
6,8,1,0.84,0.87,0.8,0.028,0.079,0.012,0.8366666666666666,0.03966666666666666,31090.533333333333
6,8,2,0.84,0.87,0.82,0.028,0.079,0.013,0.8433333333333333,0.04,31034.666666666664
6,8,3,0.84,0.87,0.83,0.028,0.079,0.024,0.8466666666666667,0.043666666666666666,27804.533333333333
6,8,4,0.84,0.87,0.86,0.028,0.079,0.04,0.8566666666666666,0.048999999999999995,23198.533333333336
6,8,5,0.84,0.87,0.89,0.028,0.079,0.042,0.8666666666666667,0.049666666666666665,22845.333333333336
6,8,6,0.84,0.87,0.92,0.028,0.079,0.057,0.8766666666666666,0.05466666666666667,18374.933333333327
6,8,7,0.84,0.87,0.93,0.028,0.079,0.068,0.88,0.05833333333333333,14960.000000000002
6,8,8,0.84,0.87,0.94,0.028,0.079,0.069,0.8833333333333333,0.058666666666666666,14698.666666666668
6,8,9,0.84,0.87,0.97,0.028,0.079,0.07,0.8933333333333332,0.059,14543.466666666667
6,8,10,0.84,0.87,0.98,0.028,0.079,0.073,0.8966666666666666,0.06,13629.333333333338
6,9,1,0.84,0.91,0.8,0.028,0.08,0.012,0.85,0.04,31280.0
6,9,2,0.84,0.91,0.82,0.028,0.08,0.013,0.8566666666666666,0.04033333333333333,31216.93333333333
6,9,3,0.84,0.91,0.83,0.028,0.08,0.024,0.86,0.044000000000000004,27932.799999999996
6,9,4,0.84,0.91,0.86,0.028,0.08,0.04,0.87,0.04933333333333333,23246.4
6,9,5,0.84,0.91,0.89,0.028,0.08,0.042,0.88,0.049999999999999996,22880.000000000004
6,9,6,0.84,0.91,0.92,0.028,0.08,0.057,0.89,0.055,18334.0
6,9,7,0.84,0.91,0.93,0.028,0.08,0.068,0.8933333333333334,0.058666666666666666,14865.06666666667
6,9,8,0.84,0.91,0.94,0.028,0.08,0.069,0.8966666666666666,0.059,14597.733333333335
6,9,9,0.84,0.91,0.97,0.028,0.08,0.07,0.9066666666666666,0.05933333333333333,14434.133333333337
6,9,10,0.84,0.91,0.98,0.028,0.08,0.073,0.91,0.06033333333333333,13504.400000000005
6,10,1,0.84,0.92,0.8,0.028,0.084,0.012,0.8533333333333334,0.04133333333333333,30173.866666666665
6,10,2,0.84,0.92,0.82,0.028,0.084,0.013,0.86,0.041666666666666664,30100.000000000004
6,10,3,0.84,0.92,0.83,0.028,0.084,0.024,0.8633333333333333,0.04533333333333334,26797.86666666666
6,10,4,0.84,0.92,0.86,0.028,0.084,0.04,0.8733333333333334,0.050666666666666665,22077.866666666665
6,10,5,0.84,0.92,0.89,0.028,0.084,0.042,0.8833333333333333,0.051333333333333335,21694.666666666664
6,10,6,0.84,0.92,0.92,0.028,0.084,0.057,0.8933333333333334,0.05633333333333334,17116.26666666666
6,10,7,0.84,0.92,0.93,0.028,0.084,0.068,0.8966666666666666,0.06,13629.333333333338
6,10,8,0.84,0.92,0.94,0.028,0.084,0.069,0.9,0.06033333333333333,13356.000000000005
6,10,9,0.84,0.92,0.97,0.028,0.084,0.07,0.91,0.06066666666666667,13176.799999999994
6,10,10,0.84,0.92,0.98,0.028,0.084,0.073,0.9133333333333334,0.06166666666666667,12238.666666666664
7,1,1,0.87,0.72,0.8,0.03,0.032,0.012,0.7966666666666665,0.024666666666666667,42510.13333333333
7,1,2,0.87,0.72,0.82,0.03,0.032,0.013,0.8033333333333332,0.024999999999999998,42576.666666666664
7,1,3,0.87,0.72,0.83,0.03,0.032,0.024,0.8066666666666666,0.028666666666666663,39558.933333333334
7,1,4,0.87,0.72,0.86,0.03,0.032,0.04,0.8166666666666665,0.034,35345.33333333333
7,1,5,0.87,0.72,0.89,0.03,0.032,0.042,0.8266666666666667,0.03466666666666667,35182.93333333333
7,1,6,0.87,0.72,0.92,0.03,0.032,0.057,0.8366666666666666,0.03966666666666666,31090.533333333333
7,1,7,0.87,0.72,0.93,0.03,0.032,0.068,0.84,0.043333333333333335,27888.0
7,1,8,0.87,0.72,0.94,0.03,0.032,0.069,0.8433333333333333,0.043666666666666666,27695.066666666666
7,1,9,0.87,0.72,0.97,0.03,0.032,0.07,0.8533333333333332,0.044000000000000004,27716.266666666656
7,1,10,0.87,0.72,0.98,0.03,0.032,0.073,0.8566666666666666,0.045000000000000005,26899.333333333325
7,2,1,0.87,0.73,0.8,0.03,0.038,0.012,0.8000000000000002,0.02666666666666667,40960.0
7,2,2,0.87,0.73,0.82,0.03,0.038,0.013,0.8066666666666666,0.027,41010.93333333333
7,2,3,0.87,0.73,0.83,0.03,0.038,0.024,0.81,0.030666666666666665,37972.799999999996
7,2,4,0.87,0.73,0.86,0.03,0.038,0.04,0.82,0.036000000000000004,33718.399999999994
7,2,5,0.87,0.73,0.89,0.03,0.038,0.042,0.8300000000000001,0.036666666666666674,33532.0
7,2,6,0.87,0.73,0.92,0.03,0.038,0.057,0.84,0.041666666666666664,29400.000000000004
7,2,7,0.87,0.73,0.93,0.03,0.038,0.068,0.8433333333333334,0.04533333333333334,26177.066666666666
7,2,8,0.87,0.73,0.94,0.03,0.038,0.069,0.8466666666666667,0.04566666666666667,25975.73333333333
7,2,9,0.87,0.73,0.97,0.03,0.038,0.07,0.8566666666666668,0.046000000000000006,25974.133333333328
7,2,10,0.87,0.73,0.98,0.03,0.038,0.073,0.86,0.04700000000000001,25146.39999999999
7,3,1,0.87,0.76,0.8,0.03,0.05,0.012,0.8099999999999999,0.030666666666666665,37972.799999999996
7,3,2,0.87,0.76,0.82,0.03,0.05,0.013,0.8166666666666665,0.031,37991.33333333333
7,3,3,0.87,0.76,0.83,0.03,0.05,0.024,0.82,0.03466666666666667,34899.2
7,3,4,0.87,0.76,0.86,0.03,0.05,0.04,0.83,0.04,30544.0
7,3,5,0.87,0.76,0.89,0.03,0.05,0.042,0.84,0.04066666666666666,30307.2
7,3,6,0.87,0.76,0.92,0.03,0.05,0.057,0.85,0.04566666666666667,26078.0
7,3,7,0.87,0.76,0.93,0.03,0.05,0.068,0.8533333333333334,0.04933333333333334,22801.066666666662
7,3,8,0.87,0.76,0.94,0.03,0.05,0.069,0.8566666666666666,0.04966666666666667,22581.733333333326
7,3,9,0.87,0.76,0.97,0.03,0.05,0.07,0.8666666666666666,0.05000000000000001,22533.33333333332
7,3,10,0.87,0.76,0.98,0.03,0.05,0.073,0.87,0.051,21680.400000000005
7,4,1,0.87,0.77,0.8,0.03,0.053,0.012,0.8133333333333335,0.03166666666666666,37250.66666666668
7,4,2,0.87,0.77,0.82,0.03,0.053,0.013,0.82,0.031999999999999994,37260.80000000001
7,4,3,0.87,0.77,0.83,0.03,0.053,0.024,0.8233333333333334,0.03566666666666666,34151.866666666676
7,4,4,0.87,0.77,0.86,0.03,0.053,0.04,0.8333333333333334,0.041,29766.666666666664
7,4,5,0.87,0.77,0.89,0.03,0.053,0.042,0.8433333333333334,0.041666666666666664,29516.66666666667
7,4,6,0.87,0.77,0.92,0.03,0.053,0.057,0.8533333333333334,0.04666666666666666,25258.666666666668
7,4,7,0.87,0.77,0.93,0.03,0.053,0.068,0.8566666666666668,0.050333333333333334,21964.93333333333
7,4,8,0.87,0.77,0.94,0.03,0.053,0.069,0.86,0.050666666666666665,21740.799999999996
7,4,9,0.87,0.77,0.97,0.03,0.053,0.07,0.8700000000000001,0.051,21680.40000000001
7,4,10,0.87,0.77,0.98,0.03,0.053,0.073,0.8733333333333334,0.05199999999999999,20820.266666666674
7,5,1,0.87,0.79,0.8,0.03,0.065,0.012,0.82,0.035666666666666666,34013.600000000006
7,5,2,0.87,0.79,0.82,0.03,0.065,0.013,0.8266666666666667,0.036,33992.53333333333
7,5,3,0.87,0.79,0.83,0.03,0.065,0.024,0.8300000000000001,0.03966666666666666,30842.80000000001
7,5,4,0.87,0.79,0.86,0.03,0.065,0.04,0.84,0.045000000000000005,26375.999999999993
7,5,5,0.87,0.79,0.89,0.03,0.065,0.042,0.8500000000000001,0.04566666666666667,26078.000000000004
7,5,6,0.87,0.79,0.92,0.03,0.065,0.057,0.86,0.050666666666666665,21740.799999999996
7,5,7,0.87,0.79,0.93,0.03,0.065,0.068,0.8633333333333334,0.05433333333333334,18406.26666666666
7,5,8,0.87,0.79,0.94,0.03,0.065,0.069,0.8666666666666667,0.05466666666666667,18165.33333333333
7,5,9,0.87,0.79,0.97,0.03,0.065,0.07,0.8766666666666666,0.055,18059.333333333332
7,5,10,0.87,0.79,0.98,0.03,0.065,0.073,0.88,0.055999999999999994,17177.600000000002
7,6,1,0.87,0.82,0.8,0.03,0.074,0.012,0.8300000000000001,0.03866666666666666,31739.200000000008
7,6,2,0.87,0.82,0.82,0.03,0.074,0.013,0.8366666666666666,0.039,31692.933333333323
7,6,3,0.87,0.82,0.83,0.03,0.074,0.024,0.84,0.042666666666666665,28492.8
7,6,4,0.87,0.82,0.86,0.03,0.074,0.04,0.85,0.047999999999999994,23936.000000000004
7,6,5,0.87,0.82,0.89,0.03,0.074,0.042,0.86,0.048666666666666664,23598.399999999998
7,6,6,0.87,0.82,0.92,0.03,0.074,0.057,0.87,0.05366666666666667,19174.8
7,6,7,0.87,0.82,0.93,0.03,0.074,0.068,0.8733333333333334,0.057333333333333326,15789.866666666672
7,6,8,0.87,0.82,0.94,0.03,0.074,0.069,0.8766666666666666,0.057666666666666665,15534.533333333333
7,6,9,0.87,0.82,0.97,0.03,0.074,0.07,0.8866666666666667,0.057999999999999996,15392.533333333335
7,6,10,0.87,0.82,0.98,0.03,0.074,0.073,0.89,0.059,14489.200000000003
7,7,1,0.87,0.86,0.8,0.03,0.076,0.012,0.8433333333333334,0.03933333333333333,31641.866666666665
7,7,2,0.87,0.86,0.82,0.03,0.076,0.013,0.85,0.03966666666666666,31586.000000000004
7,7,3,0.87,0.86,0.83,0.03,0.076,0.024,0.8533333333333334,0.043333333333333335,28330.666666666668
7,7,4,0.87,0.86,0.86,0.03,0.076,0.04,0.8633333333333333,0.048666666666666664,23689.866666666665
7,7,5,0.87,0.86,0.89,0.03,0.076,0.042,0.8733333333333334,0.04933333333333333,23335.466666666667
7,7,6,0.87,0.86,0.92,0.03,0.076,0.057,0.8833333333333333,0.05433333333333334,18832.666666666657
7,7,7,0.87,0.86,0.93,0.03,0.076,0.068,0.8866666666666667,0.057999999999999996,15392.533333333335
7,7,8,0.87,0.86,0.94,0.03,0.076,0.069,0.89,0.05833333333333333,15130.000000000002
7,7,9,0.87,0.86,0.97,0.03,0.076,0.07,0.9,0.058666666666666666,14976.000000000002
7,7,10,0.87,0.86,0.98,0.03,0.076,0.073,0.9033333333333333,0.059666666666666666,14055.86666666667
7,8,1,0.87,0.87,0.8,0.03,0.079,0.012,0.8466666666666667,0.04033333333333333,30852.533333333333
7,8,2,0.87,0.87,0.82,0.03,0.079,0.013,0.8533333333333334,0.04066666666666666,30788.26666666667
7,8,3,0.87,0.87,0.83,0.03,0.079,0.024,0.8566666666666666,0.044333333333333336,27516.133333333328
7,8,4,0.87,0.87,0.86,0.03,0.079,0.04,0.8666666666666667,0.049666666666666665,22845.333333333336
7,8,5,0.87,0.87,0.89,0.03,0.079,0.042,0.8766666666666666,0.050333333333333334,22477.73333333333
7,8,6,0.87,0.87,0.92,0.03,0.079,0.057,0.8866666666666667,0.05533333333333334,17946.13333333333
7,8,7,0.87,0.87,0.93,0.03,0.079,0.068,0.89,0.059,14489.200000000003
7,8,8,0.87,0.87,0.94,0.03,0.079,0.069,0.8933333333333332,0.05933333333333333,14221.866666666669
7,8,9,0.87,0.87,0.97,0.03,0.079,0.07,0.9033333333333333,0.059666666666666666,14055.86666666667
7,8,10,0.87,0.87,0.98,0.03,0.079,0.073,0.9066666666666666,0.06066666666666667,13128.533333333326
7,9,1,0.87,0.91,0.8,0.03,0.08,0.012,0.86,0.04066666666666666,31028.8
7,9,2,0.87,0.91,0.82,0.03,0.08,0.013,0.8666666666666667,0.041,30957.333333333332
7,9,3,0.87,0.91,0.83,0.03,0.08,0.024,0.87,0.04466666666666667,27631.199999999997
7,9,4,0.87,0.91,0.86,0.03,0.08,0.04,0.88,0.049999999999999996,22880.000000000004
7,9,5,0.87,0.91,0.89,0.03,0.08,0.042,0.89,0.050666666666666665,22499.199999999997
7,9,6,0.87,0.91,0.92,0.03,0.08,0.057,0.9,0.05566666666666667,17891.999999999996
7,9,7,0.87,0.91,0.93,0.03,0.08,0.068,0.9033333333333333,0.05933333333333333,14381.066666666671
7,9,8,0.87,0.91,0.94,0.03,0.08,0.069,0.9066666666666666,0.059666666666666666,14107.733333333337
7,9,9,0.87,0.91,0.97,0.03,0.08,0.07,0.9166666666666666,0.06,13933.333333333338
7,9,10,0.87,0.91,0.98,0.03,0.08,0.073,0.9199999999999999,0.061,12990.399999999992
7,10,1,0.87,0.92,0.8,0.03,0.084,0.012,0.8633333333333333,0.042,29905.86666666666
7,10,2,0.87,0.92,0.82,0.03,0.084,0.013,0.87,0.042333333333333334,29823.6
7,10,3,0.87,0.92,0.83,0.03,0.084,0.024,0.8733333333333334,0.046000000000000006,26479.46666666666
7,10,4,0.87,0.92,0.86,0.03,0.084,0.04,0.8833333333333333,0.051333333333333335,21694.666666666664
7,10,5,0.87,0.92,0.89,0.03,0.084,0.042,0.8933333333333334,0.052,21297.06666666667
7,10,6,0.87,0.92,0.92,0.03,0.084,0.057,0.9033333333333333,0.057,16657.466666666667
7,10,7,0.87,0.92,0.93,0.03,0.084,0.068,0.9066666666666667,0.06066666666666667,13128.533333333327
7,10,8,0.87,0.92,0.94,0.03,0.084,0.069,0.91,0.061,12849.199999999993
7,10,9,0.87,0.92,0.97,0.03,0.084,0.07,0.9199999999999999,0.06133333333333333,12659.199999999993
7,10,10,0.87,0.92,0.98,0.03,0.084,0.073,0.9233333333333333,0.06233333333333333,11707.866666666665
8,1,1,0.93,0.72,0.8,0.036,0.032,0.012,0.8166666666666668,0.02666666666666667,41813.333333333336
8,1,2,0.93,0.72,0.82,0.036,0.032,0.013,0.8233333333333333,0.027,41858.26666666666
8,1,3,0.93,0.72,0.83,0.036,0.032,0.024,0.8266666666666667,0.030666666666666665,38754.13333333333
8,1,4,0.93,0.72,0.86,0.036,0.032,0.04,0.8366666666666666,0.036000000000000004,34403.73333333332
8,1,5,0.93,0.72,0.89,0.036,0.032,0.042,0.8466666666666667,0.036666666666666674,34205.33333333332
8,1,6,0.93,0.72,0.92,0.036,0.032,0.057,0.8566666666666666,0.041666666666666664,29983.333333333336
8,1,7,0.93,0.72,0.93,0.036,0.032,0.068,0.86,0.04533333333333334,26694.399999999998
8,1,8,0.93,0.72,0.94,0.036,0.032,0.069,0.8633333333333333,0.04566666666666667,26487.066666666662
8,1,9,0.93,0.72,0.97,0.036,0.032,0.07,0.8733333333333334,0.046000000000000006,26479.46666666666
8,1,10,0.93,0.72,0.98,0.036,0.032,0.073,0.8766666666666666,0.04700000000000001,25633.733333333323
8,2,1,0.93,0.73,0.8,0.036,0.038,0.012,0.82,0.028666666666666663,40212.8
8,2,2,0.93,0.73,0.82,0.036,0.038,0.013,0.8266666666666667,0.028999999999999998,40242.13333333333
8,2,3,0.93,0.73,0.83,0.036,0.038,0.024,0.8300000000000001,0.03266666666666667,37117.6
8,2,4,0.93,0.73,0.86,0.036,0.038,0.04,0.84,0.038,32726.4
8,2,5,0.93,0.73,0.89,0.036,0.038,0.042,0.8500000000000001,0.03866666666666666,32504.000000000007
8,2,6,0.93,0.73,0.92,0.036,0.038,0.057,0.86,0.043666666666666666,28242.4
8,2,7,0.93,0.73,0.93,0.036,0.038,0.068,0.8633333333333334,0.04733333333333334,24933.066666666666
8,2,8,0.93,0.73,0.94,0.036,0.038,0.069,0.8666666666666667,0.04766666666666667,24717.333333333332
8,2,9,0.93,0.73,0.97,0.036,0.038,0.07,0.8766666666666666,0.04800000000000001,24686.933333333323
8,2,10,0.93,0.73,0.98,0.036,0.038,0.073,0.88,0.048999999999999995,23830.400000000005
8,3,1,0.93,0.76,0.8,0.036,0.05,0.012,0.8300000000000001,0.03266666666666666,37117.600000000006
8,3,2,0.93,0.76,0.82,0.036,0.05,0.013,0.8366666666666666,0.032999999999999995,37114.53333333333
8,3,3,0.93,0.76,0.83,0.036,0.05,0.024,0.84,0.03666666666666666,33936.00000000001
8,3,4,0.93,0.76,0.86,0.036,0.05,0.04,0.85,0.042,29443.999999999996
8,3,5,0.93,0.76,0.89,0.036,0.05,0.042,0.86,0.042666666666666665,29171.2
8,3,6,0.93,0.76,0.92,0.036,0.05,0.057,0.87,0.04766666666666666,24812.4
8,3,7,0.93,0.76,0.93,0.036,0.05,0.068,0.8733333333333334,0.051333333333333335,21449.066666666666
8,3,8,0.93,0.76,0.94,0.036,0.05,0.069,0.8766666666666666,0.051666666666666666,21215.333333333332
8,3,9,0.93,0.76,0.97,0.036,0.05,0.07,0.8866666666666667,0.052,21138.133333333335
8,3,10,0.93,0.76,0.98,0.036,0.05,0.073,0.89,0.05299999999999999,20256.40000000001
8,4,1,0.93,0.77,0.8,0.036,0.053,0.012,0.8333333333333334,0.033666666666666664,36366.66666666667
8,4,2,0.93,0.77,0.82,0.036,0.053,0.013,0.84,0.033999999999999996,36355.200000000004
8,4,3,0.93,0.77,0.83,0.036,0.053,0.024,0.8433333333333334,0.03766666666666666,33159.866666666676
8,4,4,0.93,0.77,0.86,0.036,0.053,0.04,0.8533333333333334,0.043000000000000003,28637.86666666666
8,4,5,0.93,0.77,0.89,0.036,0.053,0.042,0.8633333333333334,0.043666666666666666,28351.86666666667
8,4,6,0.93,0.77,0.92,0.036,0.053,0.057,0.8733333333333334,0.048666666666666664,23964.266666666666
8,4,7,0.93,0.77,0.93,0.036,0.053,0.068,0.8766666666666668,0.052333333333333336,20584.13333333333
8,4,8,0.93,0.77,0.94,0.036,0.053,0.069,0.88,0.05266666666666667,20345.599999999995
8,4,9,0.93,0.77,0.97,0.036,0.053,0.07,0.89,0.053,20256.4
8,4,10,0.93,0.77,0.98,0.036,0.053,0.073,0.8933333333333334,0.05399999999999999,19367.46666666667
8,5,1,0.93,0.79,0.8,0.036,0.065,0.012,0.8400000000000002,0.03766666666666667,33028.80000000001
8,5,2,0.93,0.79,0.82,0.036,0.065,0.013,0.8466666666666667,0.038,32986.13333333333
8,5,3,0.93,0.79,0.83,0.036,0.065,0.024,0.8500000000000001,0.041666666666666664,29750.000000000007
8,5,4,0.93,0.79,0.86,0.036,0.065,0.04,0.86,0.04700000000000001,25146.39999999999
8,5,5,0.93,0.79,0.89,0.036,0.065,0.042,0.8700000000000001,0.04766666666666667,24812.4
8,5,6,0.93,0.79,0.92,0.036,0.065,0.057,0.88,0.05266666666666667,20345.599999999995
8,5,7,0.93,0.79,0.93,0.036,0.065,0.068,0.8833333333333334,0.05633333333333334,16924.666666666657
8,5,8,0.93,0.79,0.94,0.036,0.065,0.069,0.8866666666666667,0.05666666666666667,16669.333333333325
8,5,9,0.93,0.79,0.97,0.036,0.065,0.07,0.8966666666666668,0.057,16534.533333333336
8,5,10,0.93,0.79,0.98,0.036,0.065,0.073,0.9,0.057999999999999996,15624.0
8,6,1,0.93,0.82,0.8,0.036,0.074,0.012,0.85,0.04066666666666666,30668.0
8,6,2,0.93,0.82,0.82,0.036,0.074,0.013,0.8566666666666666,0.040999999999999995,30600.133333333335
8,6,3,0.93,0.82,0.83,0.036,0.074,0.024,0.86,0.04466666666666666,27313.600000000002
8,6,4,0.93,0.82,0.86,0.036,0.074,0.04,0.87,0.049999999999999996,22620.000000000004
8,6,5,0.93,0.82,0.89,0.036,0.074,0.042,0.88,0.050666666666666665,22246.399999999998
8,6,6,0.93,0.82,0.92,0.036,0.074,0.057,0.89,0.05566666666666666,17693.2
8,6,7,0.93,0.82,0.93,0.036,0.074,0.068,0.8933333333333334,0.05933333333333333,14221.86666666667
8,6,8,0.93,0.82,0.94,0.036,0.074,0.069,0.8966666666666666,0.059666666666666666,13952.133333333337
8,6,9,0.93,0.82,0.97,0.036,0.074,0.07,0.9066666666666666,0.06,13781.333333333338
8,6,10,0.93,0.82,0.98,0.036,0.074,0.073,0.91,0.061,12849.199999999993
8,7,1,0.93,0.86,0.8,0.036,0.076,0.012,0.8633333333333333,0.041333333333333326,30527.46666666667
8,7,2,0.93,0.86,0.82,0.036,0.076,0.013,0.87,0.041666666666666664,30450.000000000004
8,7,3,0.93,0.86,0.83,0.036,0.076,0.024,0.8733333333333334,0.04533333333333333,27108.266666666674
8,7,4,0.93,0.86,0.86,0.036,0.076,0.04,0.8833333333333333,0.050666666666666665,22330.66666666666
8,7,5,0.93,0.86,0.89,0.036,0.076,0.042,0.8933333333333334,0.051333333333333335,21940.266666666666
8,7,6,0.93,0.86,0.92,0.036,0.076,0.057,0.9033333333333333,0.056333333333333326,17307.866666666672
8,7,7,0.93,0.86,0.93,0.036,0.076,0.068,0.9066666666666667,0.06,13781.33333333334
8,7,8,0.93,0.86,0.94,0.036,0.076,0.069,0.91,0.06033333333333333,13504.400000000005
8,7,9,0.93,0.86,0.97,0.036,0.076,0.07,0.9199999999999999,0.06066666666666667,13321.599999999991
8,7,10,0.93,0.86,0.98,0.036,0.076,0.073,0.9233333333333333,0.06166666666666667,12372.666666666662
8,8,1,0.93,0.87,0.8,0.036,0.079,0.012,0.8666666666666667,0.042333333333333334,29709.333333333336
8,8,2,0.93,0.87,0.82,0.036,0.079,0.013,0.8733333333333334,0.042666666666666665,29623.466666666667
8,8,3,0.93,0.87,0.83,0.036,0.079,0.024,0.8766666666666666,0.04633333333333333,26264.933333333334
8,8,4,0.93,0.87,0.86,0.036,0.079,0.04,0.8866666666666667,0.051666666666666666,21457.333333333336
8,8,5,0.93,0.87,0.89,0.036,0.079,0.042,0.8966666666666666,0.052333333333333336,21053.733333333326
8,8,6,0.93,0.87,0.92,0.036,0.079,0.057,0.9066666666666667,0.057333333333333326,16392.53333333334
8,8,7,0.93,0.87,0.93,0.036,0.079,0.068,0.91,0.061,12849.199999999993
8,8,8,0.93,0.87,0.94,0.036,0.079,0.069,0.9133333333333334,0.06133333333333333,12567.466666666664
8,8,9,0.93,0.87,0.97,0.036,0.079,0.07,0.9233333333333333,0.06166666666666667,12372.666666666662
8,8,10,0.93,0.87,0.98,0.036,0.079,0.073,0.9266666666666667,0.06266666666666666,11416.533333333333
8,9,1,0.93,0.91,0.8,0.036,0.08,0.012,0.88,0.042666666666666665,29849.6
8,9,2,0.93,0.91,0.82,0.036,0.08,0.013,0.8866666666666667,0.043000000000000003,29756.53333333333
8,9,3,0.93,0.91,0.83,0.036,0.08,0.024,0.89,0.04666666666666666,26344.0
8,9,4,0.93,0.91,0.86,0.036,0.08,0.04,0.9,0.052,21456.0
8,9,5,0.93,0.91,0.89,0.036,0.08,0.042,0.91,0.05266666666666667,21039.199999999993
8,9,6,0.93,0.91,0.92,0.036,0.08,0.057,0.92,0.057666666666666665,16302.4
8,9,7,0.93,0.91,0.93,0.036,0.08,0.068,0.9233333333333333,0.06133333333333333,12705.066666666662
8,9,8,0.93,0.91,0.94,0.036,0.08,0.069,0.9266666666666667,0.06166666666666667,12417.33333333333
8,9,9,0.93,0.91,0.97,0.036,0.08,0.07,0.9366666666666666,0.062,12214.13333333333
8,9,10,0.93,0.91,0.98,0.036,0.08,0.073,0.9400000000000001,0.063,11242.399999999998
8,10,1,0.93,0.92,0.8,0.036,0.084,0.012,0.8833333333333334,0.044000000000000004,28690.666666666664
8,10,2,0.93,0.92,0.82,0.036,0.084,0.013,0.89,0.044333333333333336,28586.799999999996
8,10,3,0.93,0.92,0.83,0.036,0.084,0.024,0.8933333333333334,0.047999999999999994,25156.26666666667
8,10,4,0.93,0.92,0.86,0.036,0.084,0.04,0.9033333333333333,0.05333333333333334,20234.666666666664
8,10,5,0.93,0.92,0.89,0.036,0.084,0.042,0.9133333333333334,0.054,19801.06666666667
8,10,6,0.93,0.92,0.92,0.036,0.084,0.057,0.9233333333333333,0.059,15031.86666666667
8,10,7,0.93,0.92,0.93,0.036,0.084,0.068,0.9266666666666667,0.06266666666666666,11416.533333333333
8,10,8,0.93,0.92,0.94,0.036,0.084,0.069,0.93,0.063,11122.8
8,10,9,0.93,0.92,0.97,0.036,0.084,0.07,0.9400000000000001,0.06333333333333334,10903.999999999985
8,10,10,0.93,0.92,0.98,0.036,0.084,0.073,0.9433333333333334,0.06433333333333334,9923.866666666656
9,1,1,0.94,0.72,0.8,0.043,0.032,0.012,0.82,0.028999999999999998,39917.6
9,1,2,0.94,0.72,0.82,0.043,0.032,0.013,0.8266666666666667,0.029333333333333333,39944.53333333333
9,1,3,0.94,0.72,0.83,0.043,0.032,0.024,0.83,0.033,36818.799999999996
9,1,4,0.94,0.72,0.86,0.043,0.032,0.04,0.84,0.03833333333333333,32424.000000000004
9,1,5,0.94,0.72,0.89,0.043,0.032,0.042,0.85,0.039,32197.999999999996
9,1,6,0.94,0.72,0.92,0.043,0.032,0.057,0.86,0.044000000000000004,27932.799999999996
9,1,7,0.94,0.72,0.93,0.043,0.032,0.068,0.8633333333333333,0.04766666666666667,24622.266666666663
9,1,8,0.94,0.72,0.94,0.043,0.032,0.069,0.8666666666666666,0.04800000000000001,24405.333333333325
9,1,9,0.94,0.72,0.97,0.043,0.032,0.07,0.8766666666666666,0.04833333333333334,24371.333333333325
9,1,10,0.94,0.72,0.98,0.043,0.032,0.073,0.8799999999999999,0.04933333333333333,23513.6
9,2,1,0.94,0.73,0.8,0.043,0.038,0.012,0.8233333333333333,0.030999999999999996,38301.46666666667
9,2,2,0.94,0.73,0.82,0.043,0.038,0.013,0.83,0.03133333333333333,38312.8
9,2,3,0.94,0.73,0.83,0.043,0.038,0.024,0.8333333333333334,0.034999999999999996,35166.66666666667
9,2,4,0.94,0.73,0.86,0.043,0.038,0.04,0.8433333333333333,0.04033333333333333,30731.066666666666
9,2,5,0.94,0.73,0.89,0.043,0.038,0.042,0.8533333333333334,0.041,30481.066666666662
9,2,6,0.94,0.73,0.92,0.043,0.038,0.057,0.8633333333333333,0.04599999999999999,26176.26666666667
9,2,7,0.94,0.73,0.93,0.043,0.038,0.068,0.8666666666666667,0.049666666666666665,22845.333333333336
9,2,8,0.94,0.73,0.94,0.043,0.038,0.069,0.87,0.049999999999999996,22620.000000000004
9,2,9,0.94,0.73,0.97,0.043,0.038,0.07,0.8799999999999999,0.050333333333333334,22563.199999999993
9,2,10,0.94,0.73,0.98,0.043,0.038,0.073,0.8833333333333333,0.05133333333333332,21694.666666666675
9,3,1,0.94,0.76,0.8,0.043,0.05,0.012,0.8333333333333334,0.034999999999999996,35166.66666666667
9,3,2,0.94,0.76,0.82,0.043,0.05,0.013,0.84,0.035333333333333335,35145.6
9,3,3,0.94,0.76,0.83,0.043,0.05,0.024,0.8433333333333333,0.039,31945.46666666666
9,3,4,0.94,0.76,0.86,0.043,0.05,0.04,0.8533333333333334,0.044333333333333336,27409.066666666666
9,3,5,0.94,0.76,0.89,0.043,0.05,0.042,0.8633333333333333,0.045000000000000005,27108.666666666657
9,3,6,0.94,0.76,0.92,0.043,0.05,0.057,0.8733333333333334,0.049999999999999996,22706.666666666668
9,3,7,0.94,0.76,0.93,0.043,0.05,0.068,0.8766666666666666,0.05366666666666667,19321.73333333333
9,3,8,0.94,0.76,0.94,0.043,0.05,0.069,0.8799999999999999,0.054,19078.399999999994
9,3,9,0.94,0.76,0.97,0.043,0.05,0.07,0.89,0.05433333333333334,18974.799999999992
9,3,10,0.94,0.76,0.98,0.043,0.05,0.073,0.8933333333333332,0.055333333333333325,18081.066666666673
9,4,1,0.94,0.77,0.8,0.043,0.053,0.012,0.8366666666666666,0.036,34403.73333333333
9,4,2,0.94,0.77,0.82,0.043,0.053,0.013,0.8433333333333333,0.036333333333333336,34374.26666666666
9,4,3,0.94,0.77,0.83,0.043,0.053,0.024,0.8466666666666667,0.04,31157.333333333332
9,4,4,0.94,0.77,0.86,0.043,0.053,0.04,0.8566666666666666,0.04533333333333334,26590.93333333333
9,4,5,0.94,0.77,0.89,0.043,0.053,0.042,0.8666666666666667,0.046000000000000006,26277.33333333333
9,4,6,0.94,0.77,0.92,0.043,0.053,0.057,0.8766666666666666,0.051,21846.533333333336
9,4,7,0.94,0.77,0.93,0.043,0.053,0.068,0.88,0.05466666666666667,18444.799999999992
9,4,8,0.94,0.77,0.94,0.043,0.053,0.069,0.8833333333333333,0.055,18196.666666666664
9,4,9,0.94,0.77,0.97,0.043,0.053,0.07,0.8933333333333332,0.05533333333333334,18081.06666666666
9,4,10,0.94,0.77,0.98,0.043,0.053,0.073,0.8966666666666666,0.056333333333333326,17180.133333333335
9,5,1,0.94,0.79,0.8,0.043,0.065,0.012,0.8433333333333334,0.04,31034.666666666668
9,5,2,0.94,0.79,0.82,0.043,0.065,0.013,0.85,0.04033333333333333,30974.0
9,5,3,0.94,0.79,0.83,0.043,0.065,0.024,0.8533333333333334,0.044000000000000004,27716.266666666663
9,5,4,0.94,0.79,0.86,0.043,0.065,0.04,0.8633333333333333,0.04933333333333333,23068.266666666666
9,5,5,0.94,0.79,0.89,0.043,0.065,0.042,0.8733333333333334,0.049999999999999996,22706.666666666668
9,5,6,0.94,0.79,0.92,0.043,0.065,0.057,0.8833333333333333,0.055,18196.666666666664
9,5,7,0.94,0.79,0.93,0.043,0.065,0.068,0.8866666666666667,0.058666666666666666,14754.133333333337
9,5,8,0.94,0.79,0.94,0.043,0.065,0.069,0.89,0.059,14489.200000000003
9,5,9,0.94,0.79,0.97,0.043,0.065,0.07,0.9,0.05933333333333333,14328.000000000004
9,5,10,0.94,0.79,0.98,0.043,0.065,0.073,0.9033333333333333,0.06033333333333333,13405.466666666673
9,6,1,0.94,0.82,0.8,0.043,0.074,0.012,0.8533333333333332,0.043000000000000003,28637.866666666654
9,6,2,0.94,0.82,0.82,0.043,0.074,0.013,0.8599999999999999,0.043333333333333335,28551.999999999996
9,6,3,0.94,0.82,0.83,0.043,0.074,0.024,0.8633333333333333,0.04699999999999999,25243.866666666672
9,6,4,0.94,0.82,0.86,0.043,0.074,0.04,0.8733333333333332,0.052333333333333336,20505.866666666658
9,6,5,0.94,0.82,0.89,0.043,0.074,0.042,0.8833333333333333,0.053,20104.666666666668
9,6,6,0.94,0.82,0.92,0.043,0.074,0.057,0.8933333333333332,0.057999999999999996,15508.266666666666
9,6,7,0.94,0.82,0.93,0.043,0.074,0.068,0.8966666666666666,0.06166666666666667,12015.333333333328
9,6,8,0.94,0.82,0.94,0.043,0.074,0.069,0.8999999999999999,0.062,11735.999999999995
9,6,9,0.94,0.82,0.97,0.043,0.074,0.07,0.9099999999999998,0.06233333333333333,11538.799999999994
9,6,10,0.94,0.82,0.98,0.043,0.074,0.073,0.9133333333333332,0.06333333333333334,10594.666666666652
9,7,1,0.94,0.86,0.8,0.043,0.076,0.012,0.8666666666666666,0.043666666666666666,28461.333333333332
9,7,2,0.94,0.86,0.82,0.043,0.076,0.013,0.8733333333333332,0.044000000000000004,28365.866666666658
9,7,3,0.94,0.86,0.83,0.043,0.076,0.024,0.8766666666666666,0.04766666666666666,25002.533333333336
9,7,4,0.94,0.86,0.86,0.043,0.076,0.04,0.8866666666666666,0.053,20180.533333333333
9,7,5,0.94,0.86,0.89,0.043,0.076,0.042,0.8966666666666666,0.05366666666666667,19762.53333333333
9,7,6,0.94,0.86,0.92,0.043,0.076,0.057,0.9066666666666666,0.058666666666666666,15086.933333333334
9,7,7,0.94,0.86,0.93,0.043,0.076,0.068,0.91,0.06233333333333333,11538.799999999997
9,7,8,0.94,0.86,0.94,0.043,0.076,0.069,0.9133333333333332,0.06266666666666666,11252.266666666663
9,7,9,0.94,0.86,0.97,0.043,0.076,0.07,0.9233333333333332,0.063,11043.066666666664
9,7,10,0.94,0.86,0.98,0.043,0.076,0.073,0.9266666666666666,0.064,10082.133333333333
9,8,1,0.94,0.87,0.8,0.043,0.079,0.012,0.8700000000000001,0.04466666666666667,27631.2
9,8,2,0.94,0.87,0.82,0.043,0.079,0.013,0.8766666666666666,0.045000000000000005,27527.333333333325
9,8,3,0.94,0.87,0.83,0.043,0.079,0.024,0.88,0.048666666666666664,24147.2
9,8,4,0.94,0.87,0.86,0.043,0.079,0.04,0.89,0.054,19295.199999999997
9,8,5,0.94,0.87,0.89,0.043,0.079,0.042,0.9,0.05466666666666667,18863.999999999993
9,8,6,0.94,0.87,0.92,0.043,0.079,0.057,0.91,0.059666666666666666,14159.600000000004
9,8,7,0.94,0.87,0.93,0.043,0.079,0.068,0.9133333333333334,0.06333333333333334,10594.666666666655
9,8,8,0.94,0.87,0.94,0.043,0.079,0.069,0.9166666666666666,0.06366666666666666,10303.333333333332
9,8,9,0.94,0.87,0.97,0.043,0.079,0.07,0.9266666666666667,0.064,10082.133333333335
9,8,10,0.94,0.87,0.98,0.043,0.079,0.073,0.93,0.065,9113.99999999999
9,9,1,0.94,0.91,0.8,0.043,0.08,0.012,0.8833333333333334,0.045000000000000005,27736.66666666666
9,9,2,0.94,0.91,0.82,0.043,0.08,0.013,0.89,0.04533333333333334,27625.6
9,9,3,0.94,0.91,0.83,0.043,0.08,0.024,0.8933333333333334,0.048999999999999995,24191.466666666674
9,9,4,0.94,0.91,0.86,0.043,0.08,0.04,0.9033333333333333,0.05433333333333334,19259.06666666666
9,9,5,0.94,0.91,0.89,0.043,0.08,0.042,0.9133333333333334,0.055,18814.66666666667
9,9,6,0.94,0.91,0.92,0.043,0.08,0.057,0.9233333333333333,0.06,14034.666666666672
9,9,7,0.94,0.91,0.93,0.043,0.08,0.068,0.9266666666666667,0.06366666666666666,10415.733333333334
9,9,8,0.94,0.91,0.94,0.043,0.08,0.069,0.93,0.064,10118.400000000001
9,9,9,0.94,0.91,0.97,0.043,0.08,0.07,0.9400000000000001,0.06433333333333334,9888.799999999988
9,9,10,0.94,0.91,0.98,0.043,0.08,0.073,0.9433333333333334,0.06533333333333334,8905.066666666658
9,10,1,0.94,0.92,0.8,0.043,0.084,0.012,0.8866666666666667,0.04633333333333334,26564.53333333333
9,10,2,0.94,0.92,0.82,0.043,0.084,0.013,0.8933333333333332,0.04666666666666667,26442.66666666666
9,10,3,0.94,0.92,0.83,0.043,0.084,0.024,0.8966666666666666,0.050333333333333334,22990.53333333333
9,10,4,0.94,0.92,0.86,0.043,0.084,0.04,0.9066666666666666,0.05566666666666667,18024.53333333333
9,10,5,0.94,0.92,0.89,0.043,0.084,0.042,0.9166666666666666,0.05633333333333334,17563.33333333332
9,10,6,0.94,0.92,0.92,0.043,0.084,0.057,0.9266666666666666,0.06133333333333333,12750.933333333327
9,10,7,0.94,0.92,0.93,0.043,0.084,0.068,0.93,0.065,9113.99999999999
9,10,8,0.94,0.92,0.94,0.043,0.084,0.069,0.9333333333333332,0.06533333333333334,8810.666666666657
9,10,9,0.94,0.92,0.97,0.043,0.084,0.07,0.9433333333333334,0.06566666666666666,8565.46666666667
9,10,10,0.94,0.92,0.98,0.043,0.084,0.073,0.9466666666666667,0.06666666666666667,7573.333333333327
10,1,1,0.96,0.72,0.8,0.052,0.032,0.012,0.8266666666666667,0.031999999999999994,37563.73333333334
10,1,2,0.96,0.72,0.82,0.052,0.032,0.013,0.8333333333333334,0.03233333333333333,37566.66666666667
10,1,3,0.96,0.72,0.83,0.052,0.032,0.024,0.8366666666666666,0.036,34403.73333333333
10,1,4,0.96,0.72,0.86,0.052,0.032,0.04,0.8466666666666667,0.04133333333333333,29938.133333333328
10,1,5,0.96,0.72,0.89,0.052,0.032,0.042,0.8566666666666666,0.042,29674.93333333333
10,1,6,0.96,0.72,0.92,0.052,0.032,0.057,0.8666666666666667,0.04699999999999999,25341.333333333343
10,1,7,0.96,0.72,0.93,0.052,0.032,0.068,0.87,0.050666666666666665,21993.6
10,1,8,0.96,0.72,0.94,0.052,0.032,0.069,0.8733333333333334,0.051,21763.46666666667
10,1,9,0.96,0.72,0.97,0.052,0.032,0.07,0.8833333333333333,0.051333333333333335,21694.666666666664
10,1,10,0.96,0.72,0.98,0.052,0.032,0.073,0.8866666666666667,0.05233333333333332,20818.93333333334
10,2,1,0.96,0.73,0.8,0.052,0.038,0.012,0.8300000000000001,0.033999999999999996,35922.40000000001
10,2,2,0.96,0.73,0.82,0.052,0.038,0.013,0.8366666666666666,0.034333333333333334,35909.73333333333
10,2,3,0.96,0.73,0.83,0.052,0.038,0.024,0.84,0.038,32726.4
10,2,4,0.96,0.73,0.86,0.052,0.038,0.04,0.85,0.043333333333333335,28220.0
10,2,5,0.96,0.73,0.89,0.052,0.038,0.042,0.86,0.044000000000000004,27932.799999999996
10,2,6,0.96,0.73,0.92,0.052,0.038,0.057,0.87,0.048999999999999995,23559.600000000006
10,2,7,0.96,0.73,0.93,0.052,0.038,0.068,0.8733333333333334,0.05266666666666667,20191.466666666664
10,2,8,0.96,0.73,0.94,0.052,0.038,0.069,0.8766666666666666,0.053,19952.933333333334
10,2,9,0.96,0.73,0.97,0.052,0.038,0.07,0.8866666666666667,0.05333333333333334,19861.333333333332
10,2,10,0.96,0.73,0.98,0.052,0.038,0.073,0.89,0.054333333333333324,18974.800000000007
10,3,1,0.96,0.76,0.8,0.052,0.05,0.012,0.84,0.038,32726.4
10,3,2,0.96,0.76,0.82,0.052,0.05,0.013,0.8466666666666667,0.03833333333333334,32681.33333333333
10,3,3,0.96,0.76,0.83,0.052,0.05,0.024,0.85,0.042,29443.999999999996
10,3,4,0.96,0.76,0.86,0.052,0.05,0.04,0.86,0.04733333333333334,24836.799999999996
10,3,5,0.96,0.76,0.89,0.052,0.05,0.042,0.87,0.04800000000000001,24499.199999999993
10,3,6,0.96,0.76,0.92,0.052,0.05,0.057,0.88,0.053,20028.800000000003
10,3,7,0.96,0.76,0.93,0.052,0.05,0.068,0.8833333333333333,0.05666666666666667,16606.666666666657
10,3,8,0.96,0.76,0.94,0.052,0.05,0.069,0.8866666666666667,0.057,16350.133333333333
10,3,9,0.96,0.76,0.97,0.052,0.05,0.07,0.8966666666666666,0.05733333333333334,16211.733333333324
10,3,10,0.96,0.76,0.98,0.052,0.05,0.073,0.9,0.05833333333333333,15300.000000000002
10,4,1,0.96,0.77,0.8,0.052,0.053,0.012,0.8433333333333334,0.039,31945.466666666667
10,4,2,0.96,0.77,0.82,0.052,0.053,0.013,0.85,0.03933333333333333,31891.999999999996
10,4,3,0.96,0.77,0.83,0.052,0.053,0.024,0.8533333333333334,0.043000000000000003,28637.86666666666
10,4,4,0.96,0.77,0.86,0.052,0.053,0.04,0.8633333333333333,0.04833333333333333,24000.666666666664
10,4,5,0.96,0.77,0.89,0.052,0.053,0.042,0.8733333333333334,0.048999999999999995,23649.866666666672
10,4,6,0.96,0.77,0.92,0.052,0.053,0.057,0.8833333333333333,0.054,19150.666666666664
10,4,7,0.96,0.77,0.93,0.052,0.053,0.068,0.8866666666666667,0.057666666666666665,15711.733333333334
10,4,8,0.96,0.77,0.94,0.052,0.053,0.069,0.89,0.057999999999999996,15450.4
10,4,9,0.96,0.77,0.97,0.052,0.053,0.07,0.9,0.05833333333333333,15300.000000000002
10,4,10,0.96,0.77,0.98,0.052,0.053,0.073,0.9033333333333333,0.05933333333333333,14381.066666666671
10,5,1,0.96,0.79,0.8,0.052,0.065,0.012,0.85,0.043000000000000003,28525.999999999993
10,5,2,0.96,0.79,0.82,0.052,0.065,0.013,0.8566666666666666,0.043333333333333335,28441.333333333332
10,5,3,0.96,0.79,0.83,0.052,0.065,0.024,0.86,0.04699999999999999,25146.40000000001
10,5,4,0.96,0.79,0.86,0.052,0.065,0.04,0.87,0.052333333333333336,20427.599999999995
10,5,5,0.96,0.79,0.89,0.052,0.065,0.042,0.88,0.053,20028.800000000003
10,5,6,0.96,0.79,0.92,0.052,0.065,0.057,0.89,0.057999999999999996,15450.4
10,5,7,0.96,0.79,0.93,0.052,0.065,0.068,0.8933333333333334,0.06166666666666667,11970.666666666662
10,5,8,0.96,0.79,0.94,0.052,0.065,0.069,0.8966666666666666,0.062,11692.53333333333
10,5,9,0.96,0.79,0.97,0.052,0.065,0.07,0.9066666666666666,0.06233333333333333,11496.53333333333
10,5,10,0.96,0.79,0.98,0.052,0.065,0.073,0.91,0.06333333333333334,10555.999999999987
10,6,1,0.96,0.82,0.8,0.052,0.074,0.012,0.86,0.046000000000000006,26075.199999999993
10,6,2,0.96,0.82,0.82,0.052,0.074,0.013,0.8666666666666666,0.04633333333333334,25965.333333333325
10,6,3,0.96,0.82,0.83,0.052,0.074,0.024,0.87,0.049999999999999996,22620.000000000004
10,6,4,0.96,0.82,0.86,0.052,0.074,0.04,0.8799999999999999,0.05533333333333334,17811.199999999993
10,6,5,0.96,0.82,0.89,0.052,0.074,0.042,0.89,0.056,17372.799999999996
10,6,6,0.96,0.82,0.92,0.052,0.074,0.057,0.8999999999999999,0.061,12707.999999999993
10,6,7,0.96,0.82,0.93,0.052,0.074,0.068,0.9033333333333333,0.06466666666666666,9177.866666666669
10,6,8,0.96,0.82,0.94,0.052,0.074,0.069,0.9066666666666666,0.065,8885.333333333323
10,6,9,0.96,0.82,0.97,0.052,0.074,0.07,0.9166666666666666,0.06533333333333334,8653.333333333323
10,6,10,0.96,0.82,0.98,0.052,0.074,0.073,0.9199999999999999,0.06633333333333334,7691.199999999992
10,7,1,0.96,0.86,0.8,0.052,0.076,0.012,0.8733333333333334,0.04666666666666667,25850.666666666664
10,7,2,0.96,0.86,0.82,0.052,0.076,0.013,0.8799999999999999,0.04700000000000001,25731.199999999986
10,7,3,0.96,0.86,0.83,0.052,0.076,0.024,0.8833333333333333,0.050666666666666665,22330.66666666666
10,7,4,0.96,0.86,0.86,0.052,0.076,0.04,0.8933333333333332,0.056,17437.86666666666
10,7,5,0.96,0.86,0.89,0.052,0.076,0.042,0.9033333333333333,0.05666666666666667,16982.666666666657
10,7,6,0.96,0.86,0.92,0.052,0.076,0.057,0.9133333333333332,0.06166666666666667,12238.66666666666
10,7,7,0.96,0.86,0.93,0.052,0.076,0.068,0.9166666666666666,0.06533333333333334,8653.333333333323
10,7,8,0.96,0.86,0.94,0.052,0.076,0.069,0.9199999999999999,0.06566666666666666,8353.600000000004
10,7,9,0.96,0.86,0.97,0.052,0.076,0.07,0.93,0.066,8109.599999999992
10,7,10,0.96,0.86,0.98,0.052,0.076,0.073,0.9333333333333332,0.067,7130.666666666661
10,8,1,0.96,0.87,0.8,0.052,0.079,0.012,0.8766666666666666,0.04766666666666667,25002.53333333333
10,8,2,0.96,0.87,0.82,0.052,0.079,0.013,0.8833333333333333,0.04800000000000001,24874.666666666657
10,8,3,0.96,0.87,0.83,0.052,0.079,0.024,0.8866666666666667,0.051666666666666666,21457.333333333336
10,8,4,0.96,0.87,0.86,0.052,0.079,0.04,0.8966666666666666,0.057,16534.53333333333
10,8,5,0.96,0.87,0.89,0.052,0.079,0.042,0.9066666666666667,0.05766666666666667,16066.133333333328
10,8,6,0.96,0.87,0.92,0.052,0.079,0.057,0.9166666666666666,0.06266666666666666,11293.33333333333
10,8,7,0.96,0.87,0.93,0.052,0.079,0.068,0.92,0.06633333333333334,7691.199999999993
10,8,8,0.96,0.87,0.94,0.052,0.079,0.069,0.9233333333333333,0.06666666666666667,7386.666666666661
10,8,9,0.96,0.87,0.97,0.052,0.079,0.07,0.9333333333333332,0.067,7130.666666666661
10,8,10,0.96,0.87,0.98,0.052,0.079,0.073,0.9366666666666666,0.068,6144.53333333333
10,9,1,0.96,0.91,0.8,0.052,0.08,0.012,0.89,0.04800000000000001,25062.39999999999
10,9,2,0.96,0.91,0.82,0.052,0.08,0.013,0.8966666666666666,0.04833333333333334,24927.333333333325
10,9,3,0.96,0.91,0.83,0.052,0.08,0.024,0.9,0.052,21456.0
10,9,4,0.96,0.91,0.86,0.052,0.08,0.04,0.91,0.05733333333333334,16452.799999999992
10,9,5,0.96,0.91,0.89,0.052,0.08,0.042,0.92,0.058,15971.2
10,9,6,0.96,0.91,0.92,0.052,0.08,0.057,0.93,0.063,11122.8
10,9,7,0.96,0.91,0.93,0.052,0.08,0.068,0.9333333333333335,0.06666666666666667,7466.6666666666615
10,9,8,0.96,0.91,0.94,0.052,0.08,0.069,0.9366666666666666,0.067,7156.133333333328
10,9,9,0.96,0.91,0.97,0.052,0.08,0.07,0.9466666666666667,0.06733333333333334,6891.733333333315
10,9,10,0.96,0.91,0.98,0.052,0.08,0.073,0.9500000000000001,0.06833333333333334,5889.9999999999845
10,10,1,0.96,0.92,0.8,0.052,0.084,0.012,0.8933333333333332,0.04933333333333334,23869.866666666658
10,10,2,0.96,0.92,0.82,0.052,0.084,0.013,0.8999999999999999,0.04966666666666667,23723.999999999993
10,10,3,0.96,0.92,0.83,0.052,0.084,0.024,0.9033333333333333,0.05333333333333334,20234.666666666664
10,10,4,0.96,0.92,0.86,0.052,0.084,0.04,0.9133333333333332,0.05866666666666667,15197.866666666654
10,10,5,0.96,0.92,0.89,0.052,0.084,0.042,0.9233333333333333,0.05933333333333334,14699.466666666658
10,10,6,0.96,0.92,0.92,0.052,0.084,0.057,0.9333333333333332,0.06433333333333334,9818.666666666655
10,10,7,0.96,0.92,0.93,0.052,0.084,0.068,0.9366666666666666,0.068,6144.53333333333
10,10,8,0.96,0.92,0.94,0.052,0.084,0.069,0.94,0.06833333333333334,5827.9999999999845
10,10,9,0.96,0.92,0.97,0.052,0.084,0.07,0.9499999999999998,0.06866666666666667,5547.999999999997
10,10,10,0.96,0.92,0.98,0.052,0.084,0.073,0.9533333333333333,0.06966666666666667,4537.866666666667
